dataset,selector,model,accuracy,balanced_accuracy,f1,auroc,dpd,dpr,equal_opportunity_difference,equalized_odds_difference,mean_selected_mi_sensitive,joint_subset_mi_sensitive,sensitive_attacker_balanced_accuracy,k,lambda_values,selector_runtime_seconds,n_selected_features,selected_features
COMPAS,CMIM_k8,logistic_regression,0.6673333333333333,0.6658959362188577,0.6443335709194583,0.7143734238101273,0.20551571715576578,0.6262209054580472,0.23069369990977123,0.23069369990977123,0.02589340804366364,0.5445003816101089,0.6532411156883762,8,0.0|0.5|1.0|2.0,26.906409740447998,8,c_charge_desc|priors_count|age|c_charge_degree|age_cat|juv_fel_count|juv_misd_count|juv_other_count
COMPAS,CMIM_k8,random_forest,0.6413333333333333,0.6394159463564468,0.6140602582496413,0.6919332989464404,0.19267006241110146,0.6422986159394727,0.15917414149992037,0.17310800320688205,0.02589340804366364,0.5445003816101089,0.6532411156883762,8,0.0|0.5|1.0|2.0,26.906409740447998,8,c_charge_desc|priors_count|age|c_charge_degree|age_cat|juv_fel_count|juv_misd_count|juv_other_count
COMPAS,CMIM_k8,gradient_boosting,0.6813333333333333,0.6768054457415879,0.6400602409638554,0.7380173873933367,0.20731444089209317,0.5858349089113217,0.2520655308458503,0.2520655308458503,0.02589340804366364,0.5445003816101089,0.6532411156883762,8,0.0|0.5|1.0|2.0,26.906409740447998,8,c_charge_desc|priors_count|age|c_charge_degree|age_cat|juv_fel_count|juv_misd_count|juv_other_count
COMPAS,mRMR_k8,logistic_regression,0.6673333333333333,0.6658959362188577,0.6443335709194583,0.7143734238101273,0.20551571715576578,0.6262209054580472,0.23069369990977123,0.23069369990977123,0.02589340804366364,0.5445003816101089,0.6532411156883762,8,0.0|0.5|1.0|2.0,1.1253297328948975,8,c_charge_desc|juv_fel_count|juv_misd_count|juv_other_count|priors_count|age_cat|c_charge_degree|age
COMPAS,mRMR_k8,random_forest,0.6466666666666666,0.644686421877203,0.6192528735632183,0.6926043787960185,0.1848958861804516,0.6538531942156325,0.15334465615767034,0.16171848156679094,0.02589340804366364,0.5445003816101089,0.6532411156883762,8,0.0|0.5|1.0|2.0,1.1253297328948975,8,c_charge_desc|juv_fel_count|juv_misd_count|juv_other_count|priors_count|age_cat|c_charge_degree|age
COMPAS,mRMR_k8,gradient_boosting,0.6813333333333333,0.6767215607603906,0.6395173453996983,0.7371803223681979,0.1995402646614433,0.5977664642377678,0.23742547281637566,0.23742547281637566,0.02589340804366364,0.5445003816101089,0.6532411156883762,8,0.0|0.5|1.0|2.0,1.1253297328948975,8,c_charge_desc|juv_fel_count|juv_misd_count|juv_other_count|priors_count|age_cat|c_charge_degree|age
COMPAS,ProxyRank_k8_lambda0.0,logistic_regression,0.6673333333333333,0.6658959362188577,0.6443335709194583,0.7143734238101273,0.20551571715576578,0.6262209054580472,0.23069369990977123,0.23069369990977123,0.02589340804366364,0.5445003816101089,0.6532411156883762,8,0.0|0.5|1.0|2.0,0.27742934226989746,8,c_charge_desc|priors_count|age|age_cat|c_charge_degree|juv_fel_count|juv_misd_count|juv_other_count
COMPAS,ProxyRank_k8_lambda0.0,random_forest,0.646,0.6438074143614657,0.6171593366979091,0.695537675957672,0.18483131661042967,0.6517840385377348,0.15917414149992037,0.15917414149992037,0.02589340804366364,0.5445003816101089,0.6532411156883762,8,0.0|0.5|1.0|2.0,0.27742934226989746,8,c_charge_desc|priors_count|age|age_cat|c_charge_degree|juv_fel_count|juv_misd_count|juv_other_count
COMPAS,ProxyRank_k8_lambda0.0,gradient_boosting,0.6813333333333333,0.6768054457415879,0.6400602409638554,0.7380780701456923,0.20731444089209317,0.5858349089113217,0.2520655308458503,0.2520655308458503,0.02589340804366364,0.5445003816101089,0.6532411156883762,8,0.0|0.5|1.0|2.0,0.27742934226989746,8,c_charge_desc|priors_count|age|age_cat|c_charge_degree|juv_fel_count|juv_misd_count|juv_other_count
COMPAS,FairmRMR_k8_lambda0.0,logistic_regression,0.6673333333333333,0.6658959362188577,0.6443335709194583,0.7143734238101273,0.20551571715576578,0.6262209054580472,0.23069369990977123,0.23069369990977123,0.02589340804366364,0.5445003816101089,0.6532411156883762,8,0.0|0.5|1.0|2.0,2.146763563156128,8,c_charge_desc|juv_fel_count|juv_misd_count|juv_other_count|priors_count|age_cat|c_charge_degree|age
COMPAS,FairmRMR_k8_lambda0.0,random_forest,0.6466666666666666,0.644686421877203,0.6192528735632183,0.6926043787960185,0.1848958861804516,0.6538531942156325,0.15334465615767034,0.16171848156679094,0.02589340804366364,0.5445003816101089,0.6532411156883762,8,0.0|0.5|1.0|2.0,2.146763563156128,8,c_charge_desc|juv_fel_count|juv_misd_count|juv_other_count|priors_count|age_cat|c_charge_degree|age
COMPAS,FairmRMR_k8_lambda0.0,gradient_boosting,0.6813333333333333,0.6767215607603906,0.6395173453996983,0.7371803223681979,0.1995402646614433,0.5977664642377678,0.23742547281637566,0.23742547281637566,0.02589340804366364,0.5445003816101089,0.6532411156883762,8,0.0|0.5|1.0|2.0,2.146763563156128,8,c_charge_desc|juv_fel_count|juv_misd_count|juv_other_count|priors_count|age_cat|c_charge_degree|age
COMPAS,FairCFS_k8_lambda0.0,logistic_regression,0.6673333333333333,0.6658959362188577,0.6443335709194583,0.7143734238101273,0.20551571715576578,0.6262209054580472,0.23069369990977123,0.23069369990977123,0.02589340804366364,0.5445003816101089,0.6532411156883762,8,0.0|0.5|1.0|2.0,5.89946722984314,8,c_charge_desc|priors_count|age|juv_fel_count|juv_misd_count|juv_other_count|c_charge_degree|age_cat
COMPAS,FairCFS_k8_lambda0.0,random_forest,0.6413333333333333,0.6394159463564468,0.6140602582496413,0.6919332989464404,0.19267006241110146,0.6422986159394727,0.15917414149992037,0.17310800320688205,0.02589340804366364,0.5445003816101089,0.6532411156883762,8,0.0|0.5|1.0|2.0,5.89946722984314,8,c_charge_desc|priors_count|age|juv_fel_count|juv_misd_count|juv_other_count|c_charge_degree|age_cat
COMPAS,FairCFS_k8_lambda0.0,gradient_boosting,0.6813333333333333,0.6768054457415879,0.6400602409638554,0.7380173873933367,0.20731444089209317,0.5858349089113217,0.2520655308458503,0.2520655308458503,0.02589340804366364,0.5445003816101089,0.6532411156883762,8,0.0|0.5|1.0|2.0,5.89946722984314,8,c_charge_desc|priors_count|age|juv_fel_count|juv_misd_count|juv_other_count|c_charge_degree|age_cat
COMPAS,FairLasso_k8_lambda0.0,logistic_regression,0.6673333333333333,0.6658959362188577,0.6443335709194583,0.7143734238101273,0.20551571715576578,0.6262209054580472,0.23069369990977123,0.23069369990977123,0.02589340804366364,0.5445003816101089,0.6532411156883762,8,0.0|0.5|1.0|2.0,1.1848022937774658,8,c_charge_desc|priors_count|age|age_cat|c_charge_degree|juv_fel_count|juv_misd_count|juv_other_count
COMPAS,FairLasso_k8_lambda0.0,random_forest,0.646,0.6438074143614657,0.6171593366979091,0.695537675957672,0.18483131661042967,0.6517840385377348,0.15917414149992037,0.15917414149992037,0.02589340804366364,0.5445003816101089,0.6532411156883762,8,0.0|0.5|1.0|2.0,1.1848022937774658,8,c_charge_desc|priors_count|age|age_cat|c_charge_degree|juv_fel_count|juv_misd_count|juv_other_count
COMPAS,FairLasso_k8_lambda0.0,gradient_boosting,0.6813333333333333,0.6768054457415879,0.6400602409638554,0.7380780701456923,0.20731444089209317,0.5858349089113217,0.2520655308458503,0.2520655308458503,0.02589340804366364,0.5445003816101089,0.6532411156883762,8,0.0|0.5|1.0|2.0,1.1848022937774658,8,c_charge_desc|priors_count|age|age_cat|c_charge_degree|juv_fel_count|juv_misd_count|juv_other_count
COMPAS,BasicFACMIM_k8_lambda0.0,logistic_regression,0.6673333333333333,0.6658959362188577,0.6443335709194583,0.7143734238101273,0.20551571715576578,0.6262209054580472,0.23069369990977123,0.23069369990977123,0.02589340804366364,0.5445003816101089,0.6532411156883762,8,0.0|0.5|1.0|2.0,17.58845567703247,8,c_charge_desc|priors_count|age|c_charge_degree|age_cat|juv_fel_count|juv_misd_count|juv_other_count
COMPAS,BasicFACMIM_k8_lambda0.0,random_forest,0.6413333333333333,0.6394159463564468,0.6140602582496413,0.6919332989464404,0.19267006241110146,0.6422986159394727,0.15917414149992037,0.17310800320688205,0.02589340804366364,0.5445003816101089,0.6532411156883762,8,0.0|0.5|1.0|2.0,17.58845567703247,8,c_charge_desc|priors_count|age|c_charge_degree|age_cat|juv_fel_count|juv_misd_count|juv_other_count
COMPAS,BasicFACMIM_k8_lambda0.0,gradient_boosting,0.6813333333333333,0.6768054457415879,0.6400602409638554,0.7380173873933367,0.20731444089209317,0.5858349089113217,0.2520655308458503,0.2520655308458503,0.02589340804366364,0.5445003816101089,0.6532411156883762,8,0.0|0.5|1.0|2.0,17.58845567703247,8,c_charge_desc|priors_count|age|c_charge_degree|age_cat|juv_fel_count|juv_misd_count|juv_other_count
COMPAS,SubsetFACMIM_k8_lambda0.0,logistic_regression,0.6673333333333333,0.6658959362188577,0.6443335709194583,0.7143734238101273,0.20551571715576578,0.6262209054580472,0.23069369990977123,0.23069369990977123,0.02589340804366364,0.5445003816101089,0.6532411156883762,8,0.0|0.5|1.0|2.0,20.78110408782959,8,c_charge_desc|priors_count|age|c_charge_degree|age_cat|juv_fel_count|juv_misd_count|juv_other_count
COMPAS,SubsetFACMIM_k8_lambda0.0,random_forest,0.6413333333333333,0.6394159463564468,0.6140602582496413,0.6919332989464404,0.19267006241110146,0.6422986159394727,0.15917414149992037,0.17310800320688205,0.02589340804366364,0.5445003816101089,0.6532411156883762,8,0.0|0.5|1.0|2.0,20.78110408782959,8,c_charge_desc|priors_count|age|c_charge_degree|age_cat|juv_fel_count|juv_misd_count|juv_other_count
COMPAS,SubsetFACMIM_k8_lambda0.0,gradient_boosting,0.6813333333333333,0.6768054457415879,0.6400602409638554,0.7380173873933367,0.20731444089209317,0.5858349089113217,0.2520655308458503,0.2520655308458503,0.02589340804366364,0.5445003816101089,0.6532411156883762,8,0.0|0.5|1.0|2.0,20.78110408782959,8,c_charge_desc|priors_count|age|c_charge_degree|age_cat|juv_fel_count|juv_misd_count|juv_other_count
COMPAS,ProxyRank_k8_lambda0.5,logistic_regression,0.6673333333333333,0.6658959362188577,0.6443335709194583,0.7143734238101273,0.20551571715576578,0.6262209054580472,0.23069369990977123,0.23069369990977123,0.02589340804366364,0.5445003816101088,0.6532411156883762,8,0.0|0.5|1.0|2.0,0.4486849308013916,8,priors_count|c_charge_desc|age|age_cat|c_charge_degree|juv_fel_count|juv_misd_count|juv_other_count
COMPAS,ProxyRank_k8_lambda0.5,random_forest,0.646,0.6438074143614657,0.6171593366979091,0.695537675957672,0.18483131661042967,0.6517840385377348,0.15917414149992037,0.15917414149992037,0.02589340804366364,0.5445003816101088,0.6532411156883762,8,0.0|0.5|1.0|2.0,0.4486849308013916,8,priors_count|c_charge_desc|age|age_cat|c_charge_degree|juv_fel_count|juv_misd_count|juv_other_count
COMPAS,ProxyRank_k8_lambda0.5,gradient_boosting,0.6813333333333333,0.6768054457415879,0.6400602409638554,0.7380780701456923,0.20731444089209317,0.5858349089113217,0.2520655308458503,0.2520655308458503,0.02589340804366364,0.5445003816101088,0.6532411156883762,8,0.0|0.5|1.0|2.0,0.4486849308013916,8,priors_count|c_charge_desc|age|age_cat|c_charge_degree|juv_fel_count|juv_misd_count|juv_other_count
COMPAS,FairmRMR_k8_lambda0.5,logistic_regression,0.6673333333333333,0.6658959362188577,0.6443335709194583,0.7143734238101273,0.20551571715576578,0.6262209054580472,0.23069369990977123,0.23069369990977123,0.02589340804366364,0.5445003816101089,0.6532411156883762,8,0.0|0.5|1.0|2.0,1.2092933654785156,8,priors_count|juv_fel_count|juv_misd_count|c_charge_degree|juv_other_count|age|c_charge_desc|age_cat
COMPAS,FairmRMR_k8_lambda0.5,random_forest,0.648,0.6456055870967051,0.61794500723589,0.6914853174511102,0.18753401432706512,0.6451951805210399,0.15075279089927995,0.16833585726829642,0.02589340804366364,0.5445003816101089,0.6532411156883762,8,0.0|0.5|1.0|2.0,1.2092933654785156,8,priors_count|juv_fel_count|juv_misd_count|c_charge_degree|juv_other_count|age|c_charge_desc|age_cat
COMPAS,FairmRMR_k8_lambda0.5,gradient_boosting,0.6813333333333333,0.6767215607603906,0.6395173453996983,0.737410559869782,0.1995402646614433,0.5977664642377678,0.23742547281637566,0.23742547281637566,0.02589340804366364,0.5445003816101089,0.6532411156883762,8,0.0|0.5|1.0|2.0,1.2092933654785156,8,priors_count|juv_fel_count|juv_misd_count|c_charge_degree|juv_other_count|age|c_charge_desc|age_cat
COMPAS,FairCFS_k8_lambda0.5,logistic_regression,0.6673333333333333,0.6658959362188577,0.6443335709194583,0.7143734238101273,0.20551571715576578,0.6262209054580472,0.23069369990977123,0.23069369990977123,0.02589340804366364,0.5445003816101088,0.6532411156883762,8,0.0|0.5|1.0|2.0,5.357962608337402,8,priors_count|c_charge_desc|age|juv_fel_count|juv_misd_count|juv_other_count|c_charge_degree|age_cat
COMPAS,FairCFS_k8_lambda0.5,random_forest,0.6413333333333333,0.6394159463564468,0.6140602582496413,0.6919332989464404,0.19267006241110146,0.6422986159394727,0.15917414149992037,0.17310800320688205,0.02589340804366364,0.5445003816101088,0.6532411156883762,8,0.0|0.5|1.0|2.0,5.357962608337402,8,priors_count|c_charge_desc|age|juv_fel_count|juv_misd_count|juv_other_count|c_charge_degree|age_cat
COMPAS,FairCFS_k8_lambda0.5,gradient_boosting,0.6813333333333333,0.6768054457415879,0.6400602409638554,0.7380173873933367,0.20731444089209317,0.5858349089113217,0.2520655308458503,0.2520655308458503,0.02589340804366364,0.5445003816101088,0.6532411156883762,8,0.0|0.5|1.0|2.0,5.357962608337402,8,priors_count|c_charge_desc|age|juv_fel_count|juv_misd_count|juv_other_count|c_charge_degree|age_cat
COMPAS,FairLasso_k8_lambda0.5,logistic_regression,0.6673333333333333,0.6658959362188577,0.6443335709194583,0.7143734238101273,0.20551571715576578,0.6262209054580472,0.23069369990977123,0.23069369990977123,0.02589340804366364,0.5445003816101089,0.6532411156883762,8,0.0|0.5|1.0|2.0,1.5570356845855713,8,c_charge_desc|priors_count|age|c_charge_degree|age_cat|juv_fel_count|juv_misd_count|juv_other_count
COMPAS,FairLasso_k8_lambda0.5,random_forest,0.6413333333333333,0.6394159463564468,0.6140602582496413,0.6919332989464404,0.19267006241110146,0.6422986159394727,0.15917414149992037,0.17310800320688205,0.02589340804366364,0.5445003816101089,0.6532411156883762,8,0.0|0.5|1.0|2.0,1.5570356845855713,8,c_charge_desc|priors_count|age|c_charge_degree|age_cat|juv_fel_count|juv_misd_count|juv_other_count
COMPAS,FairLasso_k8_lambda0.5,gradient_boosting,0.6813333333333333,0.6768054457415879,0.6400602409638554,0.7380173873933367,0.20731444089209317,0.5858349089113217,0.2520655308458503,0.2520655308458503,0.02589340804366364,0.5445003816101089,0.6532411156883762,8,0.0|0.5|1.0|2.0,1.5570356845855713,8,c_charge_desc|priors_count|age|c_charge_degree|age_cat|juv_fel_count|juv_misd_count|juv_other_count
COMPAS,BasicFACMIM_k8_lambda0.5,logistic_regression,0.6673333333333333,0.6658959362188577,0.6443335709194583,0.7143734238101273,0.20551571715576578,0.6262209054580472,0.23069369990977123,0.23069369990977123,0.02589340804366364,0.5445003816101088,0.6532411156883762,8,0.0|0.5|1.0|2.0,13.562366485595703,8,priors_count|c_charge_desc|age|c_charge_degree|juv_fel_count|juv_misd_count|juv_other_count|age_cat
COMPAS,BasicFACMIM_k8_lambda0.5,random_forest,0.6413333333333333,0.6394159463564468,0.6140602582496413,0.6919332989464404,0.19267006241110146,0.6422986159394727,0.15917414149992037,0.17310800320688205,0.02589340804366364,0.5445003816101088,0.6532411156883762,8,0.0|0.5|1.0|2.0,13.562366485595703,8,priors_count|c_charge_desc|age|c_charge_degree|juv_fel_count|juv_misd_count|juv_other_count|age_cat
COMPAS,BasicFACMIM_k8_lambda0.5,gradient_boosting,0.6813333333333333,0.6768054457415879,0.6400602409638554,0.7380173873933367,0.20731444089209317,0.5858349089113217,0.2520655308458503,0.2520655308458503,0.02589340804366364,0.5445003816101088,0.6532411156883762,8,0.0|0.5|1.0|2.0,13.562366485595703,8,priors_count|c_charge_desc|age|c_charge_degree|juv_fel_count|juv_misd_count|juv_other_count|age_cat
COMPAS,SubsetFACMIM_k8_lambda0.5,logistic_regression,0.6673333333333333,0.6658959362188577,0.6443335709194583,0.7143734238101273,0.20551571715576578,0.6262209054580472,0.23069369990977123,0.23069369990977123,0.02589340804366364,0.5445003816101089,0.6532411156883762,8,0.0|0.5|1.0|2.0,15.209296703338623,8,priors_count|c_charge_desc|juv_fel_count|juv_misd_count|juv_other_count|c_charge_degree|age_cat|age
COMPAS,SubsetFACMIM_k8_lambda0.5,random_forest,0.642,0.6401271839097897,0.6150537634408603,0.6913755530608202,0.18272081409313884,0.6586408222067511,0.14272066238522374,0.16803680278947836,0.02589340804366364,0.5445003816101089,0.6532411156883762,8,0.0|0.5|1.0|2.0,15.209296703338623,8,priors_count|c_charge_desc|juv_fel_count|juv_misd_count|juv_other_count|c_charge_degree|age_cat|age
COMPAS,SubsetFACMIM_k8_lambda0.5,gradient_boosting,0.6813333333333333,0.6767215607603906,0.6395173453996983,0.7372517138415574,0.1995402646614433,0.5977664642377678,0.23742547281637566,0.23742547281637566,0.02589340804366364,0.5445003816101089,0.6532411156883762,8,0.0|0.5|1.0|2.0,15.209296703338623,8,priors_count|c_charge_desc|juv_fel_count|juv_misd_count|juv_other_count|c_charge_degree|age_cat|age
COMPAS,ProxyRank_k8_lambda1.0,logistic_regression,0.6673333333333333,0.6658959362188577,0.6443335709194583,0.7143734238101273,0.20551571715576578,0.6262209054580472,0.23069369990977123,0.23069369990977123,0.02589340804366364,0.5445003816101088,0.6532411156883762,8,0.0|0.5|1.0|2.0,0.2791562080383301,8,priors_count|c_charge_degree|juv_fel_count|juv_misd_count|juv_other_count|age|age_cat|c_charge_desc
COMPAS,ProxyRank_k8_lambda1.0,random_forest,0.6406666666666667,0.6387047088031041,0.6130653266331658,0.6914781783037743,0.18048117243580403,0.6614082206193845,0.14453408347044572,0.16296560237207466,0.02589340804366364,0.5445003816101088,0.6532411156883762,8,0.0|0.5|1.0|2.0,0.2791562080383301,8,priors_count|c_charge_degree|juv_fel_count|juv_misd_count|juv_other_count|age|age_cat|c_charge_desc
COMPAS,ProxyRank_k8_lambda1.0,gradient_boosting,0.6813333333333333,0.6768054457415879,0.6400602409638554,0.7383725599732995,0.20731444089209317,0.5858349089113217,0.2520655308458503,0.2520655308458503,0.02589340804366364,0.5445003816101088,0.6532411156883762,8,0.0|0.5|1.0|2.0,0.2791562080383301,8,priors_count|c_charge_degree|juv_fel_count|juv_misd_count|juv_other_count|age|age_cat|c_charge_desc
COMPAS,FairmRMR_k8_lambda1.0,logistic_regression,0.6673333333333333,0.6658959362188577,0.6443335709194583,0.7143734238101273,0.20551571715576578,0.6262209054580472,0.23069369990977123,0.23069369990977123,0.02589340804366364,0.5445003816101089,0.6532411156883762,8,0.0|0.5|1.0|2.0,1.230992317199707,8,priors_count|juv_fel_count|juv_misd_count|juv_other_count|c_charge_degree|age|c_charge_desc|age_cat
COMPAS,FairmRMR_k8_lambda1.0,random_forest,0.648,0.6456055870967051,0.61794500723589,0.6914853174511102,0.18753401432706512,0.6451951805210399,0.15075279089927995,0.16833585726829642,0.02589340804366364,0.5445003816101089,0.6532411156883762,8,0.0|0.5|1.0|2.0,1.230992317199707,8,priors_count|juv_fel_count|juv_misd_count|juv_other_count|c_charge_degree|age|c_charge_desc|age_cat
COMPAS,FairmRMR_k8_lambda1.0,gradient_boosting,0.6813333333333333,0.6767215607603906,0.6395173453996983,0.737410559869782,0.1995402646614433,0.5977664642377678,0.23742547281637566,0.23742547281637566,0.02589340804366364,0.5445003816101089,0.6532411156883762,8,0.0|0.5|1.0|2.0,1.230992317199707,8,priors_count|juv_fel_count|juv_misd_count|juv_other_count|c_charge_degree|age|c_charge_desc|age_cat
COMPAS,FairCFS_k8_lambda1.0,logistic_regression,0.6673333333333333,0.6658959362188577,0.6443335709194583,0.7143734238101273,0.20551571715576578,0.6262209054580472,0.23069369990977123,0.23069369990977123,0.02589340804366364,0.5445003816101089,0.6532411156883762,8,0.0|0.5|1.0|2.0,5.809848785400391,8,priors_count|c_charge_desc|juv_fel_count|juv_misd_count|age|juv_other_count|c_charge_degree|age_cat
COMPAS,FairCFS_k8_lambda1.0,random_forest,0.6453333333333333,0.6431800617893202,0.6167146974063401,0.6909284639589071,0.17764933557912443,0.6638964901013599,0.1467367266422519,0.15436937682136903,0.02589340804366364,0.5445003816101089,0.6532411156883762,8,0.0|0.5|1.0|2.0,5.809848785400391,8,priors_count|c_charge_desc|juv_fel_count|juv_misd_count|age|juv_other_count|c_charge_degree|age_cat
COMPAS,FairCFS_k8_lambda1.0,gradient_boosting,0.6813333333333333,0.6767215607603906,0.6395173453996983,0.7372606377757273,0.1995402646614433,0.5977664642377678,0.23742547281637566,0.23742547281637566,0.02589340804366364,0.5445003816101089,0.6532411156883762,8,0.0|0.5|1.0|2.0,5.809848785400391,8,priors_count|c_charge_desc|juv_fel_count|juv_misd_count|age|juv_other_count|c_charge_degree|age_cat
COMPAS,FairLasso_k8_lambda1.0,logistic_regression,0.6673333333333333,0.6658959362188577,0.6443335709194583,0.7143734238101273,0.20551571715576578,0.6262209054580472,0.23069369990977123,0.23069369990977123,0.02589340804366364,0.5445003816101089,0.6532411156883762,8,0.0|0.5|1.0|2.0,1.679286241531372,8,c_charge_desc|priors_count|age|c_charge_degree|juv_fel_count|juv_misd_count|juv_other_count|age_cat
COMPAS,FairLasso_k8_lambda1.0,random_forest,0.6413333333333333,0.6394159463564468,0.6140602582496413,0.6919332989464404,0.19267006241110146,0.6422986159394727,0.15917414149992037,0.17310800320688205,0.02589340804366364,0.5445003816101089,0.6532411156883762,8,0.0|0.5|1.0|2.0,1.679286241531372,8,c_charge_desc|priors_count|age|c_charge_degree|juv_fel_count|juv_misd_count|juv_other_count|age_cat
COMPAS,FairLasso_k8_lambda1.0,gradient_boosting,0.6813333333333333,0.6768054457415879,0.6400602409638554,0.7380173873933367,0.20731444089209317,0.5858349089113217,0.2520655308458503,0.2520655308458503,0.02589340804366364,0.5445003816101089,0.6532411156883762,8,0.0|0.5|1.0|2.0,1.679286241531372,8,c_charge_desc|priors_count|age|c_charge_degree|juv_fel_count|juv_misd_count|juv_other_count|age_cat
COMPAS,BasicFACMIM_k8_lambda1.0,logistic_regression,0.6673333333333333,0.6658959362188577,0.6443335709194583,0.7143734238101273,0.20551571715576578,0.6262209054580472,0.23069369990977123,0.23069369990977123,0.02589340804366364,0.5445003816101088,0.6532411156883762,8,0.0|0.5|1.0|2.0,13.477242708206177,8,priors_count|c_charge_desc|age|juv_fel_count|juv_misd_count|juv_other_count|c_charge_degree|age_cat
COMPAS,BasicFACMIM_k8_lambda1.0,random_forest,0.6413333333333333,0.6394159463564468,0.6140602582496413,0.6919332989464404,0.19267006241110146,0.6422986159394727,0.15917414149992037,0.17310800320688205,0.02589340804366364,0.5445003816101088,0.6532411156883762,8,0.0|0.5|1.0|2.0,13.477242708206177,8,priors_count|c_charge_desc|age|juv_fel_count|juv_misd_count|juv_other_count|c_charge_degree|age_cat
COMPAS,BasicFACMIM_k8_lambda1.0,gradient_boosting,0.6813333333333333,0.6768054457415879,0.6400602409638554,0.7380173873933367,0.20731444089209317,0.5858349089113217,0.2520655308458503,0.2520655308458503,0.02589340804366364,0.5445003816101088,0.6532411156883762,8,0.0|0.5|1.0|2.0,13.477242708206177,8,priors_count|c_charge_desc|age|juv_fel_count|juv_misd_count|juv_other_count|c_charge_degree|age_cat
COMPAS,SubsetFACMIM_k8_lambda1.0,logistic_regression,0.6673333333333333,0.6658959362188577,0.6443335709194583,0.7143734238101273,0.20551571715576578,0.6262209054580472,0.23069369990977123,0.23069369990977123,0.02589340804366364,0.544500381610109,0.6532411156883762,8,0.0|0.5|1.0|2.0,3.302022695541382,8,priors_count|age|juv_fel_count|juv_misd_count|juv_other_count|age_cat|c_charge_degree|c_charge_desc
COMPAS,SubsetFACMIM_k8_lambda1.0,random_forest,0.6486666666666666,0.6467362495560343,0.6216798277099784,0.6923705717207667,0.18324843972246152,0.6569374073958949,0.13909382021477978,0.1695829780735801,0.02589340804366364,0.544500381610109,0.6532411156883762,8,0.0|0.5|1.0|2.0,3.302022695541382,8,priors_count|age|juv_fel_count|juv_misd_count|juv_other_count|age_cat|c_charge_degree|c_charge_desc
COMPAS,SubsetFACMIM_k8_lambda1.0,gradient_boosting,0.6813333333333333,0.6767215607603906,0.6395173453996983,0.7377104040578912,0.1995402646614433,0.5977664642377678,0.23742547281637566,0.23742547281637566,0.02589340804366364,0.544500381610109,0.6532411156883762,8,0.0|0.5|1.0|2.0,3.302022695541382,8,priors_count|age|juv_fel_count|juv_misd_count|juv_other_count|age_cat|c_charge_degree|c_charge_desc
COMPAS,ProxyRank_k8_lambda2.0,logistic_regression,0.6673333333333333,0.6658959362188577,0.6443335709194583,0.7143734238101273,0.20551571715576578,0.6262209054580472,0.23069369990977123,0.23069369990977123,0.02589340804366364,0.5445003816101088,0.6532411156883762,8,0.0|0.5|1.0|2.0,0.26912546157836914,8,priors_count|juv_fel_count|juv_misd_count|juv_other_count|c_charge_degree|age_cat|age|c_charge_desc
COMPAS,ProxyRank_k8_lambda2.0,random_forest,0.6406666666666667,0.6387047088031041,0.6130653266331658,0.6914781783037743,0.18048117243580403,0.6614082206193845,0.14453408347044572,0.16296560237207466,0.02589340804366364,0.5445003816101088,0.6532411156883762,8,0.0|0.5|1.0|2.0,0.26912546157836914,8,priors_count|juv_fel_count|juv_misd_count|juv_other_count|c_charge_degree|age_cat|age|c_charge_desc
COMPAS,ProxyRank_k8_lambda2.0,gradient_boosting,0.6813333333333333,0.6768054457415879,0.6400602409638554,0.7383725599732995,0.20731444089209317,0.5858349089113217,0.2520655308458503,0.2520655308458503,0.02589340804366364,0.5445003816101088,0.6532411156883762,8,0.0|0.5|1.0|2.0,0.26912546157836914,8,priors_count|juv_fel_count|juv_misd_count|juv_other_count|c_charge_degree|age_cat|age|c_charge_desc
COMPAS,FairmRMR_k8_lambda2.0,logistic_regression,0.6673333333333333,0.6658959362188577,0.6443335709194583,0.7143734238101273,0.20551571715576578,0.6262209054580472,0.23069369990977123,0.23069369990977123,0.02589340804366364,0.5445003816101088,0.6532411156883762,8,0.0|0.5|1.0|2.0,1.2474520206451416,8,priors_count|juv_fel_count|juv_misd_count|juv_other_count|c_charge_degree|age_cat|age|c_charge_desc
COMPAS,FairmRMR_k8_lambda2.0,random_forest,0.6406666666666667,0.6387047088031041,0.6130653266331658,0.6914781783037743,0.18048117243580403,0.6614082206193845,0.14453408347044572,0.16296560237207466,0.02589340804366364,0.5445003816101088,0.6532411156883762,8,0.0|0.5|1.0|2.0,1.2474520206451416,8,priors_count|juv_fel_count|juv_misd_count|juv_other_count|c_charge_degree|age_cat|age|c_charge_desc
COMPAS,FairmRMR_k8_lambda2.0,gradient_boosting,0.6813333333333333,0.6768054457415879,0.6400602409638554,0.7383725599732995,0.20731444089209317,0.5858349089113217,0.2520655308458503,0.2520655308458503,0.02589340804366364,0.5445003816101088,0.6532411156883762,8,0.0|0.5|1.0|2.0,1.2474520206451416,8,priors_count|juv_fel_count|juv_misd_count|juv_other_count|c_charge_degree|age_cat|age|c_charge_desc
COMPAS,FairCFS_k8_lambda2.0,logistic_regression,0.6673333333333333,0.6658959362188577,0.6443335709194583,0.7143734238101273,0.20551571715576578,0.6262209054580472,0.23069369990977123,0.23069369990977123,0.02589340804366364,0.5445003816101089,0.6532411156883762,8,0.0|0.5|1.0|2.0,6.222704887390137,8,priors_count|juv_fel_count|c_charge_degree|juv_misd_count|juv_other_count|age|c_charge_desc|age_cat
COMPAS,FairCFS_k8_lambda2.0,random_forest,0.648,0.6456055870967051,0.61794500723589,0.6914853174511102,0.18753401432706512,0.6451951805210399,0.15075279089927995,0.16833585726829642,0.02589340804366364,0.5445003816101089,0.6532411156883762,8,0.0|0.5|1.0|2.0,6.222704887390137,8,priors_count|juv_fel_count|c_charge_degree|juv_misd_count|juv_other_count|age|c_charge_desc|age_cat
COMPAS,FairCFS_k8_lambda2.0,gradient_boosting,0.6813333333333333,0.6767215607603906,0.6395173453996983,0.737410559869782,0.1995402646614433,0.5977664642377678,0.23742547281637566,0.23742547281637566,0.02589340804366364,0.5445003816101089,0.6532411156883762,8,0.0|0.5|1.0|2.0,6.222704887390137,8,priors_count|juv_fel_count|c_charge_degree|juv_misd_count|juv_other_count|age|c_charge_desc|age_cat
COMPAS,FairLasso_k8_lambda2.0,logistic_regression,0.6673333333333333,0.6658959362188577,0.6443335709194583,0.7143734238101273,0.20551571715576578,0.6262209054580472,0.23069369990977123,0.23069369990977123,0.02589340804366364,0.5445003816101088,0.6532411156883762,8,0.0|0.5|1.0|2.0,1.6375949382781982,8,c_charge_desc|priors_count|c_charge_degree|juv_fel_count|juv_misd_count|juv_other_count|age|age_cat
COMPAS,FairLasso_k8_lambda2.0,random_forest,0.642,0.6401271839097897,0.6150537634408603,0.6913755530608202,0.18272081409313884,0.6586408222067511,0.14272066238522374,0.16803680278947836,0.02589340804366364,0.5445003816101088,0.6532411156883762,8,0.0|0.5|1.0|2.0,1.6375949382781982,8,c_charge_desc|priors_count|c_charge_degree|juv_fel_count|juv_misd_count|juv_other_count|age|age_cat
COMPAS,FairLasso_k8_lambda2.0,gradient_boosting,0.6813333333333333,0.6767215607603906,0.6395173453996983,0.7372517138415574,0.1995402646614433,0.5977664642377678,0.23742547281637566,0.23742547281637566,0.02589340804366364,0.5445003816101088,0.6532411156883762,8,0.0|0.5|1.0|2.0,1.6375949382781982,8,c_charge_desc|priors_count|c_charge_degree|juv_fel_count|juv_misd_count|juv_other_count|age|age_cat
COMPAS,BasicFACMIM_k8_lambda2.0,logistic_regression,0.6673333333333333,0.6658959362188577,0.6443335709194583,0.7143734238101273,0.20551571715576578,0.6262209054580472,0.23069369990977123,0.23069369990977123,0.02589340804366364,0.5445003816101088,0.6532411156883762,8,0.0|0.5|1.0|2.0,1.6165454387664795,8,priors_count|juv_fel_count|juv_misd_count|juv_other_count|c_charge_degree|age_cat|age|c_charge_desc
COMPAS,BasicFACMIM_k8_lambda2.0,random_forest,0.6406666666666667,0.6387047088031041,0.6130653266331658,0.6914781783037743,0.18048117243580403,0.6614082206193845,0.14453408347044572,0.16296560237207466,0.02589340804366364,0.5445003816101088,0.6532411156883762,8,0.0|0.5|1.0|2.0,1.6165454387664795,8,priors_count|juv_fel_count|juv_misd_count|juv_other_count|c_charge_degree|age_cat|age|c_charge_desc
COMPAS,BasicFACMIM_k8_lambda2.0,gradient_boosting,0.6813333333333333,0.6768054457415879,0.6400602409638554,0.7383725599732995,0.20731444089209317,0.5858349089113217,0.2520655308458503,0.2520655308458503,0.02589340804366364,0.5445003816101088,0.6532411156883762,8,0.0|0.5|1.0|2.0,1.6165454387664795,8,priors_count|juv_fel_count|juv_misd_count|juv_other_count|c_charge_degree|age_cat|age|c_charge_desc
COMPAS,SubsetFACMIM_k8_lambda2.0,logistic_regression,0.6673333333333333,0.6658959362188577,0.6443335709194583,0.7143734238101273,0.20551571715576578,0.6262209054580472,0.23069369990977123,0.23069369990977123,0.02589340804366364,0.5445003816101088,0.6532411156883762,8,0.0|0.5|1.0|2.0,3.195659637451172,8,priors_count|juv_fel_count|juv_misd_count|juv_other_count|c_charge_degree|age_cat|age|c_charge_desc
COMPAS,SubsetFACMIM_k8_lambda2.0,random_forest,0.6406666666666667,0.6387047088031041,0.6130653266331658,0.6914781783037743,0.18048117243580403,0.6614082206193845,0.14453408347044572,0.16296560237207466,0.02589340804366364,0.5445003816101088,0.6532411156883762,8,0.0|0.5|1.0|2.0,3.195659637451172,8,priors_count|juv_fel_count|juv_misd_count|juv_other_count|c_charge_degree|age_cat|age|c_charge_desc
COMPAS,SubsetFACMIM_k8_lambda2.0,gradient_boosting,0.6813333333333333,0.6768054457415879,0.6400602409638554,0.7383725599732995,0.20731444089209317,0.5858349089113217,0.2520655308458503,0.2520655308458503,0.02589340804366364,0.5445003816101088,0.6532411156883762,8,0.0|0.5|1.0|2.0,3.195659637451172,8,priors_count|juv_fel_count|juv_misd_count|juv_other_count|c_charge_degree|age_cat|age|c_charge_desc
