dataset,selector,model,accuracy,balanced_accuracy,f1,auroc,dpd,dpr,equal_opportunity_difference,equalized_odds_difference,mean_selected_mi_sensitive,joint_subset_mi_sensitive,sensitive_attacker_balanced_accuracy,k,lambda_values,selector_runtime_seconds,n_selected_features,selected_features,utility_norm,fairness_norm,tradeoff_score
COMPAS,CMIM_k8,logistic_regression,0.6673333333333333,0.6658959362188577,0.6443335709194583,0.7143734238101273,0.2055157171557657,0.6262209054580472,0.2306936999097712,0.2306936999097712,0.0258934080436636,0.5445003816101089,0.6532411156883762,8,0.0|0.5|1.0|2.0,26.906409740448,8,c_charge_desc|priors_count|age|c_charge_degree|age_cat|juv_fel_count|juv_misd_count|juv_other_count,1.0,0.5,0.75
COMPAS,CMIM_k8,random_forest,0.6413333333333333,0.6394159463564468,0.6140602582496413,0.6919332989464404,0.1926700624111014,0.6422986159394727,0.1591741414999203,0.173108003206882,0.0258934080436636,0.5445003816101089,0.6532411156883762,8,0.0|0.5|1.0|2.0,26.906409740448,8,c_charge_desc|priors_count|age|c_charge_degree|age_cat|juv_fel_count|juv_misd_count|juv_other_count,0.08333333333332524,0.5,0.29166666666666263
COMPAS,CMIM_k8,gradient_boosting,0.6813333333333333,0.6768054457415879,0.6400602409638554,0.7380173873933367,0.2073144408920931,0.5858349089113217,0.2520655308458503,0.2520655308458503,0.0258934080436636,0.5445003816101089,0.6532411156883762,8,0.0|0.5|1.0|2.0,26.906409740448,8,c_charge_desc|priors_count|age|c_charge_degree|age_cat|juv_fel_count|juv_misd_count|juv_other_count,1.0,0.5,0.75
COMPAS,mRMR_k8,logistic_regression,0.6673333333333333,0.6658959362188577,0.6443335709194583,0.7143734238101273,0.2055157171557657,0.6262209054580472,0.2306936999097712,0.2306936999097712,0.0258934080436636,0.5445003816101089,0.6532411156883762,8,0.0|0.5|1.0|2.0,1.1253297328948977,8,c_charge_desc|juv_fel_count|juv_misd_count|juv_other_count|priors_count|age_cat|c_charge_degree|age,1.0,0.5,0.75
COMPAS,mRMR_k8,random_forest,0.6466666666666666,0.644686421877203,0.6192528735632183,0.6926043787960185,0.1848958861804516,0.6538531942156325,0.1533446561576703,0.1617184815667909,0.0258934080436636,0.5445003816101089,0.6532411156883762,8,0.0|0.5|1.0|2.0,1.1253297328948977,8,c_charge_desc|juv_fel_count|juv_misd_count|juv_other_count|priors_count|age_cat|c_charge_degree|age,0.7499999999999966,0.5,0.6249999999999982
COMPAS,mRMR_k8,gradient_boosting,0.6813333333333333,0.6767215607603906,0.6395173453996983,0.7371803223681979,0.1995402646614433,0.5977664642377678,0.2374254728163756,0.2374254728163756,0.0258934080436636,0.5445003816101089,0.6532411156883762,8,0.0|0.5|1.0|2.0,1.1253297328948977,8,c_charge_desc|juv_fel_count|juv_misd_count|juv_other_count|priors_count|age_cat|c_charge_degree|age,1.0,0.5,0.75
COMPAS,ProxyRank_k8_lambda0.0,logistic_regression,0.6673333333333333,0.6658959362188577,0.6443335709194583,0.7143734238101273,0.2055157171557657,0.6262209054580472,0.2306936999097712,0.2306936999097712,0.0258934080436636,0.5445003816101089,0.6532411156883762,8,0.0|0.5|1.0|2.0,0.2774293422698974,8,c_charge_desc|priors_count|age|age_cat|c_charge_degree|juv_fel_count|juv_misd_count|juv_other_count,1.0,0.5,0.75
COMPAS,ProxyRank_k8_lambda0.0,random_forest,0.646,0.6438074143614657,0.6171593366979091,0.695537675957672,0.1848313166104296,0.6517840385377348,0.1591741414999203,0.1591741414999203,0.0258934080436636,0.5445003816101089,0.6532411156883762,8,0.0|0.5|1.0|2.0,0.2774293422698974,8,c_charge_desc|priors_count|age|age_cat|c_charge_degree|juv_fel_count|juv_misd_count|juv_other_count,0.6666666666666713,0.5,0.5833333333333357
COMPAS,ProxyRank_k8_lambda0.0,gradient_boosting,0.6813333333333333,0.6768054457415879,0.6400602409638554,0.7380780701456923,0.2073144408920931,0.5858349089113217,0.2520655308458503,0.2520655308458503,0.0258934080436636,0.5445003816101089,0.6532411156883762,8,0.0|0.5|1.0|2.0,0.2774293422698974,8,c_charge_desc|priors_count|age|age_cat|c_charge_degree|juv_fel_count|juv_misd_count|juv_other_count,1.0,0.5,0.75
COMPAS,FairmRMR_k8_lambda0.0,logistic_regression,0.6673333333333333,0.6658959362188577,0.6443335709194583,0.7143734238101273,0.2055157171557657,0.6262209054580472,0.2306936999097712,0.2306936999097712,0.0258934080436636,0.5445003816101089,0.6532411156883762,8,0.0|0.5|1.0|2.0,2.146763563156128,8,c_charge_desc|juv_fel_count|juv_misd_count|juv_other_count|priors_count|age_cat|c_charge_degree|age,1.0,0.5,0.75
COMPAS,FairmRMR_k8_lambda0.0,random_forest,0.6466666666666666,0.644686421877203,0.6192528735632183,0.6926043787960185,0.1848958861804516,0.6538531942156325,0.1533446561576703,0.1617184815667909,0.0258934080436636,0.5445003816101089,0.6532411156883762,8,0.0|0.5|1.0|2.0,2.146763563156128,8,c_charge_desc|juv_fel_count|juv_misd_count|juv_other_count|priors_count|age_cat|c_charge_degree|age,0.7499999999999966,0.5,0.6249999999999982
COMPAS,FairmRMR_k8_lambda0.0,gradient_boosting,0.6813333333333333,0.6767215607603906,0.6395173453996983,0.7371803223681979,0.1995402646614433,0.5977664642377678,0.2374254728163756,0.2374254728163756,0.0258934080436636,0.5445003816101089,0.6532411156883762,8,0.0|0.5|1.0|2.0,2.146763563156128,8,c_charge_desc|juv_fel_count|juv_misd_count|juv_other_count|priors_count|age_cat|c_charge_degree|age,1.0,0.5,0.75
COMPAS,FairCFS_k8_lambda0.0,logistic_regression,0.6673333333333333,0.6658959362188577,0.6443335709194583,0.7143734238101273,0.2055157171557657,0.6262209054580472,0.2306936999097712,0.2306936999097712,0.0258934080436636,0.5445003816101089,0.6532411156883762,8,0.0|0.5|1.0|2.0,5.89946722984314,8,c_charge_desc|priors_count|age|juv_fel_count|juv_misd_count|juv_other_count|c_charge_degree|age_cat,1.0,0.5,0.75
COMPAS,FairCFS_k8_lambda0.0,random_forest,0.6413333333333333,0.6394159463564468,0.6140602582496413,0.6919332989464404,0.1926700624111014,0.6422986159394727,0.1591741414999203,0.173108003206882,0.0258934080436636,0.5445003816101089,0.6532411156883762,8,0.0|0.5|1.0|2.0,5.89946722984314,8,c_charge_desc|priors_count|age|juv_fel_count|juv_misd_count|juv_other_count|c_charge_degree|age_cat,0.08333333333332524,0.5,0.29166666666666263
COMPAS,FairCFS_k8_lambda0.0,gradient_boosting,0.6813333333333333,0.6768054457415879,0.6400602409638554,0.7380173873933367,0.2073144408920931,0.5858349089113217,0.2520655308458503,0.2520655308458503,0.0258934080436636,0.5445003816101089,0.6532411156883762,8,0.0|0.5|1.0|2.0,5.89946722984314,8,c_charge_desc|priors_count|age|juv_fel_count|juv_misd_count|juv_other_count|c_charge_degree|age_cat,1.0,0.5,0.75
COMPAS,FairLasso_k8_lambda0.0,logistic_regression,0.6673333333333333,0.6658959362188577,0.6443335709194583,0.7143734238101273,0.2055157171557657,0.6262209054580472,0.2306936999097712,0.2306936999097712,0.0258934080436636,0.5445003816101089,0.6532411156883762,8,0.0|0.5|1.0|2.0,1.1848022937774658,8,c_charge_desc|priors_count|age|age_cat|c_charge_degree|juv_fel_count|juv_misd_count|juv_other_count,1.0,0.5,0.75
COMPAS,FairLasso_k8_lambda0.0,random_forest,0.646,0.6438074143614657,0.6171593366979091,0.695537675957672,0.1848313166104296,0.6517840385377348,0.1591741414999203,0.1591741414999203,0.0258934080436636,0.5445003816101089,0.6532411156883762,8,0.0|0.5|1.0|2.0,1.1848022937774658,8,c_charge_desc|priors_count|age|age_cat|c_charge_degree|juv_fel_count|juv_misd_count|juv_other_count,0.6666666666666713,0.5,0.5833333333333357
COMPAS,FairLasso_k8_lambda0.0,gradient_boosting,0.6813333333333333,0.6768054457415879,0.6400602409638554,0.7380780701456923,0.2073144408920931,0.5858349089113217,0.2520655308458503,0.2520655308458503,0.0258934080436636,0.5445003816101089,0.6532411156883762,8,0.0|0.5|1.0|2.0,1.1848022937774658,8,c_charge_desc|priors_count|age|age_cat|c_charge_degree|juv_fel_count|juv_misd_count|juv_other_count,1.0,0.5,0.75
COMPAS,BasicFACMIM_k8_lambda0.0,logistic_regression,0.6673333333333333,0.6658959362188577,0.6443335709194583,0.7143734238101273,0.2055157171557657,0.6262209054580472,0.2306936999097712,0.2306936999097712,0.0258934080436636,0.5445003816101089,0.6532411156883762,8,0.0|0.5|1.0|2.0,17.58845567703247,8,c_charge_desc|priors_count|age|c_charge_degree|age_cat|juv_fel_count|juv_misd_count|juv_other_count,1.0,0.5,0.75
COMPAS,BasicFACMIM_k8_lambda0.0,random_forest,0.6413333333333333,0.6394159463564468,0.6140602582496413,0.6919332989464404,0.1926700624111014,0.6422986159394727,0.1591741414999203,0.173108003206882,0.0258934080436636,0.5445003816101089,0.6532411156883762,8,0.0|0.5|1.0|2.0,17.58845567703247,8,c_charge_desc|priors_count|age|c_charge_degree|age_cat|juv_fel_count|juv_misd_count|juv_other_count,0.08333333333332524,0.5,0.29166666666666263
COMPAS,BasicFACMIM_k8_lambda0.0,gradient_boosting,0.6813333333333333,0.6768054457415879,0.6400602409638554,0.7380173873933367,0.2073144408920931,0.5858349089113217,0.2520655308458503,0.2520655308458503,0.0258934080436636,0.5445003816101089,0.6532411156883762,8,0.0|0.5|1.0|2.0,17.58845567703247,8,c_charge_desc|priors_count|age|c_charge_degree|age_cat|juv_fel_count|juv_misd_count|juv_other_count,1.0,0.5,0.75
COMPAS,SubsetFACMIM_k8_lambda0.0,logistic_regression,0.6673333333333333,0.6658959362188577,0.6443335709194583,0.7143734238101273,0.2055157171557657,0.6262209054580472,0.2306936999097712,0.2306936999097712,0.0258934080436636,0.5445003816101089,0.6532411156883762,8,0.0|0.5|1.0|2.0,20.78110408782959,8,c_charge_desc|priors_count|age|c_charge_degree|age_cat|juv_fel_count|juv_misd_count|juv_other_count,1.0,0.5,0.75
COMPAS,SubsetFACMIM_k8_lambda0.0,random_forest,0.6413333333333333,0.6394159463564468,0.6140602582496413,0.6919332989464404,0.1926700624111014,0.6422986159394727,0.1591741414999203,0.173108003206882,0.0258934080436636,0.5445003816101089,0.6532411156883762,8,0.0|0.5|1.0|2.0,20.78110408782959,8,c_charge_desc|priors_count|age|c_charge_degree|age_cat|juv_fel_count|juv_misd_count|juv_other_count,0.08333333333332524,0.5,0.29166666666666263
COMPAS,SubsetFACMIM_k8_lambda0.0,gradient_boosting,0.6813333333333333,0.6768054457415879,0.6400602409638554,0.7380173873933367,0.2073144408920931,0.5858349089113217,0.2520655308458503,0.2520655308458503,0.0258934080436636,0.5445003816101089,0.6532411156883762,8,0.0|0.5|1.0|2.0,20.78110408782959,8,c_charge_desc|priors_count|age|c_charge_degree|age_cat|juv_fel_count|juv_misd_count|juv_other_count,1.0,0.5,0.75
COMPAS,ProxyRank_k8_lambda0.5,logistic_regression,0.6673333333333333,0.6658959362188577,0.6443335709194583,0.7143734238101273,0.2055157171557657,0.6262209054580472,0.2306936999097712,0.2306936999097712,0.0258934080436636,0.5445003816101088,0.6532411156883762,8,0.0|0.5|1.0|2.0,0.4486849308013916,8,priors_count|c_charge_desc|age|age_cat|c_charge_degree|juv_fel_count|juv_misd_count|juv_other_count,1.0,1.0,1.0
COMPAS,ProxyRank_k8_lambda0.5,random_forest,0.646,0.6438074143614657,0.6171593366979091,0.695537675957672,0.1848313166104296,0.6517840385377348,0.1591741414999203,0.1591741414999203,0.0258934080436636,0.5445003816101088,0.6532411156883762,8,0.0|0.5|1.0|2.0,0.4486849308013916,8,priors_count|c_charge_desc|age|age_cat|c_charge_degree|juv_fel_count|juv_misd_count|juv_other_count,0.6666666666666713,1.0,0.8333333333333357
COMPAS,ProxyRank_k8_lambda0.5,gradient_boosting,0.6813333333333333,0.6768054457415879,0.6400602409638554,0.7380780701456923,0.2073144408920931,0.5858349089113217,0.2520655308458503,0.2520655308458503,0.0258934080436636,0.5445003816101088,0.6532411156883762,8,0.0|0.5|1.0|2.0,0.4486849308013916,8,priors_count|c_charge_desc|age|age_cat|c_charge_degree|juv_fel_count|juv_misd_count|juv_other_count,1.0,1.0,1.0
COMPAS,FairmRMR_k8_lambda0.5,logistic_regression,0.6673333333333333,0.6658959362188577,0.6443335709194583,0.7143734238101273,0.2055157171557657,0.6262209054580472,0.2306936999097712,0.2306936999097712,0.0258934080436636,0.5445003816101089,0.6532411156883762,8,0.0|0.5|1.0|2.0,1.2092933654785156,8,priors_count|juv_fel_count|juv_misd_count|c_charge_degree|juv_other_count|age|c_charge_desc|age_cat,1.0,0.5,0.75
COMPAS,FairmRMR_k8_lambda0.5,random_forest,0.648,0.6456055870967051,0.61794500723589,0.6914853174511102,0.1875340143270651,0.6451951805210399,0.1507527908992799,0.1683358572682964,0.0258934080436636,0.5445003816101089,0.6532411156883762,8,0.0|0.5|1.0|2.0,1.2092933654785156,8,priors_count|juv_fel_count|juv_misd_count|c_charge_degree|juv_other_count|age|c_charge_desc|age_cat,0.9166666666666747,0.5,0.7083333333333374
COMPAS,FairmRMR_k8_lambda0.5,gradient_boosting,0.6813333333333333,0.6767215607603906,0.6395173453996983,0.737410559869782,0.1995402646614433,0.5977664642377678,0.2374254728163756,0.2374254728163756,0.0258934080436636,0.5445003816101089,0.6532411156883762,8,0.0|0.5|1.0|2.0,1.2092933654785156,8,priors_count|juv_fel_count|juv_misd_count|c_charge_degree|juv_other_count|age|c_charge_desc|age_cat,1.0,0.5,0.75
COMPAS,FairCFS_k8_lambda0.5,logistic_regression,0.6673333333333333,0.6658959362188577,0.6443335709194583,0.7143734238101273,0.2055157171557657,0.6262209054580472,0.2306936999097712,0.2306936999097712,0.0258934080436636,0.5445003816101088,0.6532411156883762,8,0.0|0.5|1.0|2.0,5.357962608337402,8,priors_count|c_charge_desc|age|juv_fel_count|juv_misd_count|juv_other_count|c_charge_degree|age_cat,1.0,1.0,1.0
COMPAS,FairCFS_k8_lambda0.5,random_forest,0.6413333333333333,0.6394159463564468,0.6140602582496413,0.6919332989464404,0.1926700624111014,0.6422986159394727,0.1591741414999203,0.173108003206882,0.0258934080436636,0.5445003816101088,0.6532411156883762,8,0.0|0.5|1.0|2.0,5.357962608337402,8,priors_count|c_charge_desc|age|juv_fel_count|juv_misd_count|juv_other_count|c_charge_degree|age_cat,0.08333333333332524,1.0,0.5416666666666626
COMPAS,FairCFS_k8_lambda0.5,gradient_boosting,0.6813333333333333,0.6768054457415879,0.6400602409638554,0.7380173873933367,0.2073144408920931,0.5858349089113217,0.2520655308458503,0.2520655308458503,0.0258934080436636,0.5445003816101088,0.6532411156883762,8,0.0|0.5|1.0|2.0,5.357962608337402,8,priors_count|c_charge_desc|age|juv_fel_count|juv_misd_count|juv_other_count|c_charge_degree|age_cat,1.0,1.0,1.0
COMPAS,FairLasso_k8_lambda0.5,logistic_regression,0.6673333333333333,0.6658959362188577,0.6443335709194583,0.7143734238101273,0.2055157171557657,0.6262209054580472,0.2306936999097712,0.2306936999097712,0.0258934080436636,0.5445003816101089,0.6532411156883762,8,0.0|0.5|1.0|2.0,1.5570356845855713,8,c_charge_desc|priors_count|age|c_charge_degree|age_cat|juv_fel_count|juv_misd_count|juv_other_count,1.0,0.5,0.75
COMPAS,FairLasso_k8_lambda0.5,random_forest,0.6413333333333333,0.6394159463564468,0.6140602582496413,0.6919332989464404,0.1926700624111014,0.6422986159394727,0.1591741414999203,0.173108003206882,0.0258934080436636,0.5445003816101089,0.6532411156883762,8,0.0|0.5|1.0|2.0,1.5570356845855713,8,c_charge_desc|priors_count|age|c_charge_degree|age_cat|juv_fel_count|juv_misd_count|juv_other_count,0.08333333333332524,0.5,0.29166666666666263
COMPAS,FairLasso_k8_lambda0.5,gradient_boosting,0.6813333333333333,0.6768054457415879,0.6400602409638554,0.7380173873933367,0.2073144408920931,0.5858349089113217,0.2520655308458503,0.2520655308458503,0.0258934080436636,0.5445003816101089,0.6532411156883762,8,0.0|0.5|1.0|2.0,1.5570356845855713,8,c_charge_desc|priors_count|age|c_charge_degree|age_cat|juv_fel_count|juv_misd_count|juv_other_count,1.0,0.5,0.75
COMPAS,BasicFACMIM_k8_lambda0.5,logistic_regression,0.6673333333333333,0.6658959362188577,0.6443335709194583,0.7143734238101273,0.2055157171557657,0.6262209054580472,0.2306936999097712,0.2306936999097712,0.0258934080436636,0.5445003816101088,0.6532411156883762,8,0.0|0.5|1.0|2.0,13.562366485595703,8,priors_count|c_charge_desc|age|c_charge_degree|juv_fel_count|juv_misd_count|juv_other_count|age_cat,1.0,1.0,1.0
COMPAS,BasicFACMIM_k8_lambda0.5,random_forest,0.6413333333333333,0.6394159463564468,0.6140602582496413,0.6919332989464404,0.1926700624111014,0.6422986159394727,0.1591741414999203,0.173108003206882,0.0258934080436636,0.5445003816101088,0.6532411156883762,8,0.0|0.5|1.0|2.0,13.562366485595703,8,priors_count|c_charge_desc|age|c_charge_degree|juv_fel_count|juv_misd_count|juv_other_count|age_cat,0.08333333333332524,1.0,0.5416666666666626
COMPAS,BasicFACMIM_k8_lambda0.5,gradient_boosting,0.6813333333333333,0.6768054457415879,0.6400602409638554,0.7380173873933367,0.2073144408920931,0.5858349089113217,0.2520655308458503,0.2520655308458503,0.0258934080436636,0.5445003816101088,0.6532411156883762,8,0.0|0.5|1.0|2.0,13.562366485595703,8,priors_count|c_charge_desc|age|c_charge_degree|juv_fel_count|juv_misd_count|juv_other_count|age_cat,1.0,1.0,1.0
COMPAS,SubsetFACMIM_k8_lambda0.5,logistic_regression,0.6673333333333333,0.6658959362188577,0.6443335709194583,0.7143734238101273,0.2055157171557657,0.6262209054580472,0.2306936999097712,0.2306936999097712,0.0258934080436636,0.5445003816101089,0.6532411156883762,8,0.0|0.5|1.0|2.0,15.209296703338625,8,priors_count|c_charge_desc|juv_fel_count|juv_misd_count|juv_other_count|c_charge_degree|age_cat|age,1.0,0.5,0.75
COMPAS,SubsetFACMIM_k8_lambda0.5,random_forest,0.642,0.6401271839097897,0.6150537634408603,0.6913755530608202,0.1827208140931388,0.6586408222067511,0.1427206623852237,0.1680368027894783,0.0258934080436636,0.5445003816101089,0.6532411156883762,8,0.0|0.5|1.0|2.0,15.209296703338625,8,priors_count|c_charge_desc|juv_fel_count|juv_misd_count|juv_other_count|c_charge_degree|age_cat|age,0.16666666666666435,0.5,0.33333333333333215
COMPAS,SubsetFACMIM_k8_lambda0.5,gradient_boosting,0.6813333333333333,0.6767215607603906,0.6395173453996983,0.7372517138415574,0.1995402646614433,0.5977664642377678,0.2374254728163756,0.2374254728163756,0.0258934080436636,0.5445003816101089,0.6532411156883762,8,0.0|0.5|1.0|2.0,15.209296703338625,8,priors_count|c_charge_desc|juv_fel_count|juv_misd_count|juv_other_count|c_charge_degree|age_cat|age,1.0,0.5,0.75
COMPAS,ProxyRank_k8_lambda1.0,logistic_regression,0.6673333333333333,0.6658959362188577,0.6443335709194583,0.7143734238101273,0.2055157171557657,0.6262209054580472,0.2306936999097712,0.2306936999097712,0.0258934080436636,0.5445003816101088,0.6532411156883762,8,0.0|0.5|1.0|2.0,0.2791562080383301,8,priors_count|c_charge_degree|juv_fel_count|juv_misd_count|juv_other_count|age|age_cat|c_charge_desc,1.0,1.0,1.0
COMPAS,ProxyRank_k8_lambda1.0,random_forest,0.6406666666666667,0.6387047088031041,0.6130653266331658,0.6914781783037743,0.180481172435804,0.6614082206193845,0.1445340834704457,0.1629656023720746,0.0258934080436636,0.5445003816101088,0.6532411156883762,8,0.0|0.5|1.0|2.0,0.2791562080383301,8,priors_count|c_charge_degree|juv_fel_count|juv_misd_count|juv_other_count|age|age_cat|c_charge_desc,0.0,1.0,0.5
COMPAS,ProxyRank_k8_lambda1.0,gradient_boosting,0.6813333333333333,0.6768054457415879,0.6400602409638554,0.7383725599732995,0.2073144408920931,0.5858349089113217,0.2520655308458503,0.2520655308458503,0.0258934080436636,0.5445003816101088,0.6532411156883762,8,0.0|0.5|1.0|2.0,0.2791562080383301,8,priors_count|c_charge_degree|juv_fel_count|juv_misd_count|juv_other_count|age|age_cat|c_charge_desc,1.0,1.0,1.0
COMPAS,FairmRMR_k8_lambda1.0,logistic_regression,0.6673333333333333,0.6658959362188577,0.6443335709194583,0.7143734238101273,0.2055157171557657,0.6262209054580472,0.2306936999097712,0.2306936999097712,0.0258934080436636,0.5445003816101089,0.6532411156883762,8,0.0|0.5|1.0|2.0,1.230992317199707,8,priors_count|juv_fel_count|juv_misd_count|juv_other_count|c_charge_degree|age|c_charge_desc|age_cat,1.0,0.5,0.75
COMPAS,FairmRMR_k8_lambda1.0,random_forest,0.648,0.6456055870967051,0.61794500723589,0.6914853174511102,0.1875340143270651,0.6451951805210399,0.1507527908992799,0.1683358572682964,0.0258934080436636,0.5445003816101089,0.6532411156883762,8,0.0|0.5|1.0|2.0,1.230992317199707,8,priors_count|juv_fel_count|juv_misd_count|juv_other_count|c_charge_degree|age|c_charge_desc|age_cat,0.9166666666666747,0.5,0.7083333333333374
COMPAS,FairmRMR_k8_lambda1.0,gradient_boosting,0.6813333333333333,0.6767215607603906,0.6395173453996983,0.737410559869782,0.1995402646614433,0.5977664642377678,0.2374254728163756,0.2374254728163756,0.0258934080436636,0.5445003816101089,0.6532411156883762,8,0.0|0.5|1.0|2.0,1.230992317199707,8,priors_count|juv_fel_count|juv_misd_count|juv_other_count|c_charge_degree|age|c_charge_desc|age_cat,1.0,0.5,0.75
COMPAS,FairCFS_k8_lambda1.0,logistic_regression,0.6673333333333333,0.6658959362188577,0.6443335709194583,0.7143734238101273,0.2055157171557657,0.6262209054580472,0.2306936999097712,0.2306936999097712,0.0258934080436636,0.5445003816101089,0.6532411156883762,8,0.0|0.5|1.0|2.0,5.809848785400391,8,priors_count|c_charge_desc|juv_fel_count|juv_misd_count|age|juv_other_count|c_charge_degree|age_cat,1.0,0.5,0.75
COMPAS,FairCFS_k8_lambda1.0,random_forest,0.6453333333333333,0.6431800617893202,0.6167146974063401,0.6909284639589071,0.1776493355791244,0.6638964901013599,0.1467367266422519,0.154369376821369,0.0258934080436636,0.5445003816101089,0.6532411156883762,8,0.0|0.5|1.0|2.0,5.809848785400391,8,priors_count|c_charge_desc|juv_fel_count|juv_misd_count|age|juv_other_count|c_charge_degree|age_cat,0.5833333333333321,0.5,0.5416666666666661
COMPAS,FairCFS_k8_lambda1.0,gradient_boosting,0.6813333333333333,0.6767215607603906,0.6395173453996983,0.7372606377757273,0.1995402646614433,0.5977664642377678,0.2374254728163756,0.2374254728163756,0.0258934080436636,0.5445003816101089,0.6532411156883762,8,0.0|0.5|1.0|2.0,5.809848785400391,8,priors_count|c_charge_desc|juv_fel_count|juv_misd_count|age|juv_other_count|c_charge_degree|age_cat,1.0,0.5,0.75
COMPAS,FairLasso_k8_lambda1.0,logistic_regression,0.6673333333333333,0.6658959362188577,0.6443335709194583,0.7143734238101273,0.2055157171557657,0.6262209054580472,0.2306936999097712,0.2306936999097712,0.0258934080436636,0.5445003816101089,0.6532411156883762,8,0.0|0.5|1.0|2.0,1.679286241531372,8,c_charge_desc|priors_count|age|c_charge_degree|juv_fel_count|juv_misd_count|juv_other_count|age_cat,1.0,0.5,0.75
COMPAS,FairLasso_k8_lambda1.0,random_forest,0.6413333333333333,0.6394159463564468,0.6140602582496413,0.6919332989464404,0.1926700624111014,0.6422986159394727,0.1591741414999203,0.173108003206882,0.0258934080436636,0.5445003816101089,0.6532411156883762,8,0.0|0.5|1.0|2.0,1.679286241531372,8,c_charge_desc|priors_count|age|c_charge_degree|juv_fel_count|juv_misd_count|juv_other_count|age_cat,0.08333333333332524,0.5,0.29166666666666263
COMPAS,FairLasso_k8_lambda1.0,gradient_boosting,0.6813333333333333,0.6768054457415879,0.6400602409638554,0.7380173873933367,0.2073144408920931,0.5858349089113217,0.2520655308458503,0.2520655308458503,0.0258934080436636,0.5445003816101089,0.6532411156883762,8,0.0|0.5|1.0|2.0,1.679286241531372,8,c_charge_desc|priors_count|age|c_charge_degree|juv_fel_count|juv_misd_count|juv_other_count|age_cat,1.0,0.5,0.75
COMPAS,BasicFACMIM_k8_lambda1.0,logistic_regression,0.6673333333333333,0.6658959362188577,0.6443335709194583,0.7143734238101273,0.2055157171557657,0.6262209054580472,0.2306936999097712,0.2306936999097712,0.0258934080436636,0.5445003816101088,0.6532411156883762,8,0.0|0.5|1.0|2.0,13.477242708206177,8,priors_count|c_charge_desc|age|juv_fel_count|juv_misd_count|juv_other_count|c_charge_degree|age_cat,1.0,1.0,1.0
COMPAS,BasicFACMIM_k8_lambda1.0,random_forest,0.6413333333333333,0.6394159463564468,0.6140602582496413,0.6919332989464404,0.1926700624111014,0.6422986159394727,0.1591741414999203,0.173108003206882,0.0258934080436636,0.5445003816101088,0.6532411156883762,8,0.0|0.5|1.0|2.0,13.477242708206177,8,priors_count|c_charge_desc|age|juv_fel_count|juv_misd_count|juv_other_count|c_charge_degree|age_cat,0.08333333333332524,1.0,0.5416666666666626
COMPAS,BasicFACMIM_k8_lambda1.0,gradient_boosting,0.6813333333333333,0.6768054457415879,0.6400602409638554,0.7380173873933367,0.2073144408920931,0.5858349089113217,0.2520655308458503,0.2520655308458503,0.0258934080436636,0.5445003816101088,0.6532411156883762,8,0.0|0.5|1.0|2.0,13.477242708206177,8,priors_count|c_charge_desc|age|juv_fel_count|juv_misd_count|juv_other_count|c_charge_degree|age_cat,1.0,1.0,1.0
COMPAS,SubsetFACMIM_k8_lambda1.0,logistic_regression,0.6673333333333333,0.6658959362188577,0.6443335709194583,0.7143734238101273,0.2055157171557657,0.6262209054580472,0.2306936999097712,0.2306936999097712,0.0258934080436636,0.544500381610109,0.6532411156883762,8,0.0|0.5|1.0|2.0,3.302022695541382,8,priors_count|age|juv_fel_count|juv_misd_count|juv_other_count|age_cat|c_charge_degree|c_charge_desc,1.0,0.0,0.5
COMPAS,SubsetFACMIM_k8_lambda1.0,random_forest,0.6486666666666666,0.6467362495560343,0.6216798277099784,0.6923705717207667,0.1832484397224615,0.6569374073958949,0.1390938202147797,0.1695829780735801,0.0258934080436636,0.544500381610109,0.6532411156883762,8,0.0|0.5|1.0|2.0,3.302022695541382,8,priors_count|age|juv_fel_count|juv_misd_count|juv_other_count|age_cat|c_charge_degree|c_charge_desc,1.0,0.0,0.5
COMPAS,SubsetFACMIM_k8_lambda1.0,gradient_boosting,0.6813333333333333,0.6767215607603906,0.6395173453996983,0.7377104040578912,0.1995402646614433,0.5977664642377678,0.2374254728163756,0.2374254728163756,0.0258934080436636,0.544500381610109,0.6532411156883762,8,0.0|0.5|1.0|2.0,3.302022695541382,8,priors_count|age|juv_fel_count|juv_misd_count|juv_other_count|age_cat|c_charge_degree|c_charge_desc,1.0,0.0,0.5
COMPAS,ProxyRank_k8_lambda2.0,logistic_regression,0.6673333333333333,0.6658959362188577,0.6443335709194583,0.7143734238101273,0.2055157171557657,0.6262209054580472,0.2306936999097712,0.2306936999097712,0.0258934080436636,0.5445003816101088,0.6532411156883762,8,0.0|0.5|1.0|2.0,0.2691254615783691,8,priors_count|juv_fel_count|juv_misd_count|juv_other_count|c_charge_degree|age_cat|age|c_charge_desc,1.0,1.0,1.0
COMPAS,ProxyRank_k8_lambda2.0,random_forest,0.6406666666666667,0.6387047088031041,0.6130653266331658,0.6914781783037743,0.180481172435804,0.6614082206193845,0.1445340834704457,0.1629656023720746,0.0258934080436636,0.5445003816101088,0.6532411156883762,8,0.0|0.5|1.0|2.0,0.2691254615783691,8,priors_count|juv_fel_count|juv_misd_count|juv_other_count|c_charge_degree|age_cat|age|c_charge_desc,0.0,1.0,0.5
COMPAS,ProxyRank_k8_lambda2.0,gradient_boosting,0.6813333333333333,0.6768054457415879,0.6400602409638554,0.7383725599732995,0.2073144408920931,0.5858349089113217,0.2520655308458503,0.2520655308458503,0.0258934080436636,0.5445003816101088,0.6532411156883762,8,0.0|0.5|1.0|2.0,0.2691254615783691,8,priors_count|juv_fel_count|juv_misd_count|juv_other_count|c_charge_degree|age_cat|age|c_charge_desc,1.0,1.0,1.0
COMPAS,FairmRMR_k8_lambda2.0,logistic_regression,0.6673333333333333,0.6658959362188577,0.6443335709194583,0.7143734238101273,0.2055157171557657,0.6262209054580472,0.2306936999097712,0.2306936999097712,0.0258934080436636,0.5445003816101088,0.6532411156883762,8,0.0|0.5|1.0|2.0,1.2474520206451416,8,priors_count|juv_fel_count|juv_misd_count|juv_other_count|c_charge_degree|age_cat|age|c_charge_desc,1.0,1.0,1.0
COMPAS,FairmRMR_k8_lambda2.0,random_forest,0.6406666666666667,0.6387047088031041,0.6130653266331658,0.6914781783037743,0.180481172435804,0.6614082206193845,0.1445340834704457,0.1629656023720746,0.0258934080436636,0.5445003816101088,0.6532411156883762,8,0.0|0.5|1.0|2.0,1.2474520206451416,8,priors_count|juv_fel_count|juv_misd_count|juv_other_count|c_charge_degree|age_cat|age|c_charge_desc,0.0,1.0,0.5
COMPAS,FairmRMR_k8_lambda2.0,gradient_boosting,0.6813333333333333,0.6768054457415879,0.6400602409638554,0.7383725599732995,0.2073144408920931,0.5858349089113217,0.2520655308458503,0.2520655308458503,0.0258934080436636,0.5445003816101088,0.6532411156883762,8,0.0|0.5|1.0|2.0,1.2474520206451416,8,priors_count|juv_fel_count|juv_misd_count|juv_other_count|c_charge_degree|age_cat|age|c_charge_desc,1.0,1.0,1.0
COMPAS,FairCFS_k8_lambda2.0,logistic_regression,0.6673333333333333,0.6658959362188577,0.6443335709194583,0.7143734238101273,0.2055157171557657,0.6262209054580472,0.2306936999097712,0.2306936999097712,0.0258934080436636,0.5445003816101089,0.6532411156883762,8,0.0|0.5|1.0|2.0,6.222704887390137,8,priors_count|juv_fel_count|c_charge_degree|juv_misd_count|juv_other_count|age|c_charge_desc|age_cat,1.0,0.5,0.75
COMPAS,FairCFS_k8_lambda2.0,random_forest,0.648,0.6456055870967051,0.61794500723589,0.6914853174511102,0.1875340143270651,0.6451951805210399,0.1507527908992799,0.1683358572682964,0.0258934080436636,0.5445003816101089,0.6532411156883762,8,0.0|0.5|1.0|2.0,6.222704887390137,8,priors_count|juv_fel_count|c_charge_degree|juv_misd_count|juv_other_count|age|c_charge_desc|age_cat,0.9166666666666747,0.5,0.7083333333333374
COMPAS,FairCFS_k8_lambda2.0,gradient_boosting,0.6813333333333333,0.6767215607603906,0.6395173453996983,0.737410559869782,0.1995402646614433,0.5977664642377678,0.2374254728163756,0.2374254728163756,0.0258934080436636,0.5445003816101089,0.6532411156883762,8,0.0|0.5|1.0|2.0,6.222704887390137,8,priors_count|juv_fel_count|c_charge_degree|juv_misd_count|juv_other_count|age|c_charge_desc|age_cat,1.0,0.5,0.75
COMPAS,FairLasso_k8_lambda2.0,logistic_regression,0.6673333333333333,0.6658959362188577,0.6443335709194583,0.7143734238101273,0.2055157171557657,0.6262209054580472,0.2306936999097712,0.2306936999097712,0.0258934080436636,0.5445003816101088,0.6532411156883762,8,0.0|0.5|1.0|2.0,1.6375949382781982,8,c_charge_desc|priors_count|c_charge_degree|juv_fel_count|juv_misd_count|juv_other_count|age|age_cat,1.0,1.0,1.0
COMPAS,FairLasso_k8_lambda2.0,random_forest,0.642,0.6401271839097897,0.6150537634408603,0.6913755530608202,0.1827208140931388,0.6586408222067511,0.1427206623852237,0.1680368027894783,0.0258934080436636,0.5445003816101088,0.6532411156883762,8,0.0|0.5|1.0|2.0,1.6375949382781982,8,c_charge_desc|priors_count|c_charge_degree|juv_fel_count|juv_misd_count|juv_other_count|age|age_cat,0.16666666666666435,1.0,0.5833333333333321
COMPAS,FairLasso_k8_lambda2.0,gradient_boosting,0.6813333333333333,0.6767215607603906,0.6395173453996983,0.7372517138415574,0.1995402646614433,0.5977664642377678,0.2374254728163756,0.2374254728163756,0.0258934080436636,0.5445003816101088,0.6532411156883762,8,0.0|0.5|1.0|2.0,1.6375949382781982,8,c_charge_desc|priors_count|c_charge_degree|juv_fel_count|juv_misd_count|juv_other_count|age|age_cat,1.0,1.0,1.0
COMPAS,BasicFACMIM_k8_lambda2.0,logistic_regression,0.6673333333333333,0.6658959362188577,0.6443335709194583,0.7143734238101273,0.2055157171557657,0.6262209054580472,0.2306936999097712,0.2306936999097712,0.0258934080436636,0.5445003816101088,0.6532411156883762,8,0.0|0.5|1.0|2.0,1.6165454387664795,8,priors_count|juv_fel_count|juv_misd_count|juv_other_count|c_charge_degree|age_cat|age|c_charge_desc,1.0,1.0,1.0
COMPAS,BasicFACMIM_k8_lambda2.0,random_forest,0.6406666666666667,0.6387047088031041,0.6130653266331658,0.6914781783037743,0.180481172435804,0.6614082206193845,0.1445340834704457,0.1629656023720746,0.0258934080436636,0.5445003816101088,0.6532411156883762,8,0.0|0.5|1.0|2.0,1.6165454387664795,8,priors_count|juv_fel_count|juv_misd_count|juv_other_count|c_charge_degree|age_cat|age|c_charge_desc,0.0,1.0,0.5
COMPAS,BasicFACMIM_k8_lambda2.0,gradient_boosting,0.6813333333333333,0.6768054457415879,0.6400602409638554,0.7383725599732995,0.2073144408920931,0.5858349089113217,0.2520655308458503,0.2520655308458503,0.0258934080436636,0.5445003816101088,0.6532411156883762,8,0.0|0.5|1.0|2.0,1.6165454387664795,8,priors_count|juv_fel_count|juv_misd_count|juv_other_count|c_charge_degree|age_cat|age|c_charge_desc,1.0,1.0,1.0
COMPAS,SubsetFACMIM_k8_lambda2.0,logistic_regression,0.6673333333333333,0.6658959362188577,0.6443335709194583,0.7143734238101273,0.2055157171557657,0.6262209054580472,0.2306936999097712,0.2306936999097712,0.0258934080436636,0.5445003816101088,0.6532411156883762,8,0.0|0.5|1.0|2.0,3.195659637451172,8,priors_count|juv_fel_count|juv_misd_count|juv_other_count|c_charge_degree|age_cat|age|c_charge_desc,1.0,1.0,1.0
COMPAS,SubsetFACMIM_k8_lambda2.0,random_forest,0.6406666666666667,0.6387047088031041,0.6130653266331658,0.6914781783037743,0.180481172435804,0.6614082206193845,0.1445340834704457,0.1629656023720746,0.0258934080436636,0.5445003816101088,0.6532411156883762,8,0.0|0.5|1.0|2.0,3.195659637451172,8,priors_count|juv_fel_count|juv_misd_count|juv_other_count|c_charge_degree|age_cat|age|c_charge_desc,0.0,1.0,0.5
COMPAS,SubsetFACMIM_k8_lambda2.0,gradient_boosting,0.6813333333333333,0.6768054457415879,0.6400602409638554,0.7383725599732995,0.2073144408920931,0.5858349089113217,0.2520655308458503,0.2520655308458503,0.0258934080436636,0.5445003816101088,0.6532411156883762,8,0.0|0.5|1.0|2.0,3.195659637451172,8,priors_count|juv_fel_count|juv_misd_count|juv_other_count|c_charge_degree|age_cat|age|c_charge_desc,1.0,1.0,1.0
