selector,model,k,lambda,selected_feature_count,selected_features,diagnostics_path,accuracy,balanced_accuracy,f1,auroc,dpd,dpr,selection_rate_min,selection_rate_max,equalized_odds_difference,equalized_odds_ratio,tpr_min,tpr_max,fpr_min,fpr_max,equal_opportunity_difference,equal_opportunity_ratio,mean_selected_mi_sensitive,max_selected_mi_sensitive,joint_subset_mi_sensitive,sensitive_attacker_balanced_accuracy,sensitive_attacker_auroc,sensitive_attacker_status,dataset_key,dataset,selector_family,k_value,lambda_value,lambda_values,selector_runtime_seconds,n_selected_features,accuracy_norm,joint_leakage_quality,attacker_leakage_quality,dpd_quality,eod_quality,eodd_quality,tradeoff_accuracy_joint_mi,tradeoff_accuracy_attacker,tradeoff_accuracy_dpd,pareto_accuracy_joint_mi
FairCFS_k8_lambda2.0,gradient_boosting,8,,,education|relationship|hours-per-week|age|occupation|birthplace|marital-status|class-worker,,0.7933333333333333,0.7840597950892068,0.7433774834437086,0.8809370031796503,0.0699821060320798,0.8368405856532528,,,0.0314619763438661,,,,,,0.0314619763438661,,0.0125395886102254,,0.6608572809917104,0.5941012723203469,,,acs_income,ACSIncome,FairCFS-style,8.0,2.0,0.0|0.5|1.0|2.0,5.8235924243927,8.0,1.0,1.0,1.0,0.0,1.0,1.0,1.0,1.0,0.5,True
mRMR_k8,logistic_regression,8,,,education|hours-per-week|relationship|occupation|age|class-worker|birthplace|marital-status,,0.7646666666666667,0.7661963434022258,0.7286702536510377,0.849185582641465,0.0268373623178521,0.9430743577639372,,,0.0406123815514477,,,,,,0.0353819408937519,,0.0125395886102254,,0.6608572809917104,0.5941012723203469,,,acs_income,ACSIncome,mRMR,8.0,,0.0|0.5|1.0|2.0,1.1907947063446045,8.0,1.0,1.0,1.0,1.0,1.0,1.0,1.0,1.0,1.0,True
FairmRMR_k8_lambda0.0,logistic_regression,8,,,education|hours-per-week|relationship|occupation|age|class-worker|birthplace|marital-status,,0.7646666666666667,0.7661963434022258,0.7286702536510377,0.849185582641465,0.0268373623178521,0.9430743577639372,,,0.0406123815514477,,,,,,0.0353819408937519,,0.0125395886102254,,0.6608572809917104,0.5941012723203469,,,acs_income,ACSIncome,fair-mRMR,8.0,0.0,0.0|0.5|1.0|2.0,1.3064284324645996,8.0,1.0,1.0,1.0,1.0,1.0,1.0,1.0,1.0,1.0,True
FairCFS_k8_lambda2.0,logistic_regression,8,,,education|relationship|hours-per-week|age|occupation|birthplace|marital-status|class-worker,,0.7646666666666667,0.7661963434022258,0.7286702536510377,0.849185582641465,0.0268373623178521,0.9430743577639372,,,0.0406123815514477,,,,,,0.0353819408937519,,0.0125395886102254,,0.6608572809917104,0.5941012723203469,,,acs_income,ACSIncome,FairCFS-style,8.0,2.0,0.0|0.5|1.0|2.0,5.8235924243927,8.0,1.0,1.0,1.0,1.0,1.0,1.0,1.0,1.0,1.0,True
mRMR_k8,random_forest,8,,,education|hours-per-week|relationship|occupation|age|class-worker|birthplace|marital-status,,0.8053333333333333,0.7944488606253313,0.7550335570469798,0.8767057498675146,0.055925380179514,0.8642283543134511,,,0.0636056856529296,,,,,,0.0636056856529296,,0.0125395886102254,,0.6608572809917104,0.5941012723203469,,,acs_income,ACSIncome,mRMR,8.0,,0.0|0.5|1.0|2.0,1.1907947063446045,8.0,1.0,1.0,1.0,0.9817026489052194,0.0,0.0,1.0,1.0,0.9908513244526097,True
FairmRMR_k8_lambda0.0,random_forest,8,,,education|hours-per-week|relationship|occupation|age|class-worker|birthplace|marital-status,,0.8053333333333333,0.7944488606253313,0.7550335570469798,0.8767057498675146,0.055925380179514,0.8642283543134511,,,0.0636056856529296,,,,,,0.0636056856529296,,0.0125395886102254,,0.6608572809917104,0.5941012723203469,,,acs_income,ACSIncome,fair-mRMR,8.0,0.0,0.0|0.5|1.0|2.0,1.3064284324645996,8.0,1.0,1.0,1.0,0.9817026489052194,0.0,0.0,1.0,1.0,0.9908513244526097,True
FairmRMR_k8_lambda0.5,gradient_boosting,8,0.5,8.0,education|marital-status|capital-gain|hours-per-week|capital-loss|age|fnlwgt|workclass,results/adult/final/diagnostics/FairmRMR_k8_lambda0.5_diagnostics.csv,0.8573333333333333,0.773564876817956,0.6815476190476191,0.9197063025615556,0.1747099919295013,0.3052547977178423,0.0767634854771784,0.2514734774066797,0.1053220718428818,0.1414447134786118,0.5161290322580645,0.6214511041009464,0.0119047619047619,0.0841654778887303,0.1053220718428818,0.8305223514000327,0.0219815875850334,0.1060794500629328,0.4803447369747589,0.7398530243075183,0.8108535895986433,ok,adult,adult,fair-mRMR,8.0,0.5,,,,0.8235294117647057,0.32926416628600197,0.4403235352140463,0.32147030702220314,0.6438635520949205,0.7368979418629327,0.5763967890253539,0.631926473489376,0.5724998593934545,True
SubsetFACMIM_k8_lambda0.5,gradient_boosting,8,0.5,8.0,education|marital-status|hours-per-week|education-num|capital-gain|capital-loss|native-country|age,results/adult/final/diagnostics/SubsetFACMIM_k8_lambda0.5_diagnostics.csv,0.856,0.7857712794126992,0.6931818181818182,0.919334414476332,0.1847451271307339,0.3307098241313624,0.0912863070539419,0.2760314341846758,0.0965117858841111,0.1098057644110275,0.6290322580645161,0.6466876971608833,0.0119047619047619,0.108416547788873,0.0176554390963671,0.9726986624704956,0.0230135418696123,0.1060794500629328,0.3258911520059796,0.7352741661955907,0.8114075749010741,ok,adult,adult,SubsetFA-CMIM,8.0,0.5,,,,0.7941176470588241,0.7825681272818283,0.45630301834681397,0.25608201423563115,0.9632925472747498,0.7736383111041122,0.7883428871703262,0.6252103327028191,0.5250998306472277,True
FairCFS_k8_lambda1.0,gradient_boosting,8,1.0,8.0,education|age|marital-status|hours-per-week|occupation|capital-gain|capital-loss|education-num,results/adult/final/diagnostics/FairCFS_k8_lambda1.0_diagnostics.csv,0.8653333333333333,0.7972550893355207,0.7122507122507122,0.9252858007009384,0.1858374976562946,0.3243479549496146,0.0892116182572614,0.275049115913556,0.0850995176958087,0.1227240896358543,0.6129032258064516,0.668769716088328,0.0119047619047619,0.0970042796005706,0.0558664902818764,0.9164637857577604,0.0356044144277209,0.1133884211525689,0.5033655323182661,0.7942905596382137,0.86951950254381,ok,adult,adult,FairCFS-style,8.0,1.0,,,,1.0,0.2617007120832686,0.2503452357466954,0.2489641984489529,0.8240637745643309,0.8212293823905318,0.6308503560416343,0.6251726178733477,0.6244820992244764,True
SubsetFACMIM_k8_lambda1.0,gradient_boosting,8,1.0,8.0,education|age|education-num|capital-gain|capital-loss|native-country|workclass|hours-per-week,results/adult/final/diagnostics/SubsetFACMIM_k8_lambda1.0_diagnostics.csv,0.832,0.7112077183253738,0.5841584158415841,0.8685104940697972,0.0762499082897879,0.5663552701731611,0.0995850622406639,0.1758349705304518,0.0779993894372646,0.7153061224489796,0.4542586750788643,0.532258064516129,0.0357142857142857,0.0499286733238231,0.0779993894372646,0.8534556925724118,0.0108015760573474,0.0359540873858558,0.2518059131432508,0.6311475409836065,0.6798869417750142,ok,adult,adult,SubsetFA-CMIM,8.0,1.0,,,,0.2647058823529414,1.0,0.8196883014401265,0.9630298523318817,0.7434186132740084,0.8508381073626144,0.6323529411764707,0.542197091896534,0.6138678673424115,True
SubsetFACMIM_k8_lambda2.0,gradient_boosting,8,2.0,8.0,education|age|education-num|capital-gain|capital-loss|native-country|workclass|hours-per-week,results/adult/final/diagnostics/SubsetFACMIM_k8_lambda2.0_diagnostics.csv,0.832,0.7112077183253738,0.5841584158415841,0.8685104940697972,0.0762499082897879,0.5663552701731611,0.0995850622406639,0.1758349705304518,0.0779993894372646,0.7153061224489796,0.4542586750788643,0.532258064516129,0.0357142857142857,0.0499286733238231,0.0779993894372646,0.8534556925724118,0.0108015760573474,0.0359540873858558,0.2518059131432508,0.6311475409836065,0.6798869417750142,ok,adult,adult,SubsetFA-CMIM,8.0,2.0,,,,0.2647058823529414,1.0,0.8196883014401265,0.9630298523318817,0.7434186132740084,0.8508381073626144,0.6323529411764707,0.542197091896534,0.6138678673424115,True
FairmRMR_k8_lambda0.5,logistic_regression,8,0.5,8.0,education|marital-status|capital-gain|hours-per-week|capital-loss|age|fnlwgt|workclass,results/adult/final/diagnostics/FairmRMR_k8_lambda0.5_diagnostics.csv,0.796,0.8102476350977619,0.6751592356687898,0.8989782492544585,0.3023706070808435,0.360055555076302,0.1701244813278008,0.4724950884086444,0.2124312207051151,0.2874914559125086,0.7419354838709677,0.8580441640378549,0.0857142857142857,0.2981455064194008,0.1161086801668871,0.8646821631878558,0.0219815875850334,0.1060794500629328,0.4803447369747589,0.7398530243075183,0.8108535895986433,ok,adult,adult,fair-mRMR,8.0,0.5,,,,0.967032967032967,0.32926416628600197,0.4403235352140463,0.1922027746882865,0.3177511054958939,0.2816870719446596,0.6481485666594845,0.7036782511235067,0.5796178708606268,True
FairCFS_k8_lambda0.5,logistic_regression,8,0.5,8.0,education|marital-status|age|hours-per-week|occupation|capital-gain|relationship|capital-loss,results/adult/final/diagnostics/FairCFS_k8_lambda0.5_diagnostics.csv,0.798,0.8168251113898963,0.6813880126182965,0.9086473394702712,0.2989834432497208,0.3737342690777453,0.1784232365145228,0.4774066797642436,0.2205183071802187,0.2742566510172143,0.8225806451612904,0.861198738170347,0.0833333333333333,0.303851640513552,0.0386180930090566,0.9551577454803262,0.0689342547516801,0.2717193255261839,0.5740663389396863,0.8625777275296778,0.9345618993781798,ok,adult,adult,FairCFS-style,8.0,0.5,,,,1.0,0.054201768672094364,0.01203393174196099,0.20193174500965838,0.7987997473152247,0.2535183647501936,0.5271008843360472,0.5060169658709806,0.6009658725048292,True
SubsetFACMIM_k8_lambda0.5,logistic_regression,8,0.5,8.0,education|marital-status|hours-per-week|education-num|capital-gain|capital-loss|native-country|age,results/adult/final/diagnostics/SubsetFACMIM_k8_lambda0.5_diagnostics.csv,0.7793333333333333,0.8034630312644901,0.661207778915046,0.8972400255143471,0.3398087536378384,0.3308988177885503,0.1680497925311203,0.5078585461689588,0.2590347123157394,0.2434027777777777,0.7419354838709677,0.8738170347003155,0.0833333333333333,0.3423680456490727,0.1318815508293477,0.8490741819028764,0.0230135418696123,0.1060794500629328,0.3258911520059796,0.7352741661955907,0.8114075749010741,ok,adult,adult,SubsetFA-CMIM,8.0,0.5,,,,0.6923076923076918,0.7825681272818283,0.45630301834681397,0.08466896915061728,0.21983575489576745,0.11935912930909998,0.7374379097947601,0.5743053553272529,0.38848833072915456,True
SubsetFACMIM_k8_lambda1.0,logistic_regression,8,1.0,8.0,education|age|education-num|capital-gain|capital-loss|native-country|workclass|hours-per-week,results/adult/final/diagnostics/SubsetFACMIM_k8_lambda1.0_diagnostics.csv,0.7646666666666667,0.7447494345182755,0.6020293122886133,0.8278087553753127,0.0893787346436345,0.7567177757560964,0.2780082987551867,0.3673870333988212,0.0062073878090974,0.991253226268999,0.7034700315457413,0.7096774193548387,0.2142857142857142,0.2154065620542082,0.0062073878090974,0.991253226268999,0.0108015760573474,0.0359540873858558,0.2518059131432508,0.6311475409836065,0.6798869417750142,ok,adult,adult,SubsetFA-CMIM,8.0,1.0,,,,0.4505494505494515,1.0,0.8196883014401265,0.8039805654744481,1.0,1.0,0.7252747252747258,0.635118875994789,0.6272650080119497,True
SubsetFACMIM_k8_lambda2.0,logistic_regression,8,2.0,8.0,education|age|education-num|capital-gain|capital-loss|native-country|workclass|hours-per-week,results/adult/final/diagnostics/SubsetFACMIM_k8_lambda2.0_diagnostics.csv,0.7646666666666667,0.7447494345182755,0.6020293122886133,0.8278087553753127,0.0893787346436345,0.7567177757560964,0.2780082987551867,0.3673870333988212,0.0062073878090974,0.991253226268999,0.7034700315457413,0.7096774193548387,0.2142857142857142,0.2154065620542082,0.0062073878090974,0.991253226268999,0.0108015760573474,0.0359540873858558,0.2518059131432508,0.6311475409836065,0.6798869417750142,ok,adult,adult,SubsetFA-CMIM,8.0,2.0,,,,0.4505494505494515,1.0,0.8196883014401265,0.8039805654744481,1.0,1.0,0.7252747252747258,0.635118875994789,0.6272650080119497,True
SubsetFACMIM_k8_lambda1.0,random_forest,8,1.0,8.0,education|age|education-num|capital-gain|capital-loss|native-country|workclass|hours-per-week,results/adult/final/diagnostics/SubsetFACMIM_k8_lambda1.0_diagnostics.csv,0.7813333333333333,0.7646325016064153,0.6281179138321995,0.8621660362614421,0.118094221033839,0.6836317973356628,0.2551867219917012,0.3732809430255402,0.0254126757693091,0.8796332046332047,0.7258064516129032,0.7318611987381703,0.1857142857142857,0.2111269614835948,0.0060547471252671,0.9917269187986651,0.0108015760573474,0.0359540873858558,0.2518059131432508,0.6311475409836065,0.6798869417750142,ok,adult,adult,SubsetFA-CMIM,8.0,1.0,,,,0.728571428571428,1.0,0.8196883014401265,0.8888185896698492,1.0,0.9826131844903846,0.864285714285714,0.7741298650057773,0.8086950091206386,True
ProxyRank_k8_lambda2.0,random_forest,8,2.0,8.0,education|education-num|age|fnlwgt|capital-gain|capital-loss|native-country|workclass,results/adult/final/diagnostics/ProxyRank_k8_lambda2.0_diagnostics.csv,0.794,0.7530227675534706,0.6217870257037944,0.8347922487225172,0.0786995899534519,0.7519622830569223,0.2385892116182572,0.3172888015717092,0.0665004579220515,0.9083771468629512,0.6593059936908517,0.7258064516129032,0.1626248216833095,0.1666666666666666,0.0665004579220515,0.9083771468629512,0.0064451508567111,0.0126614406876996,0.2596870075993482,0.579479932165065,0.6039344262295082,ok,adult,adult,ProxyRank,8.0,2.0,,,,1.0,0.9768698710706304,1.0,1.0,0.6963966266291844,0.864088367340421,0.9884349355353153,1.0,1.0,True
SubsetFACMIM_k8_lambda2.0,random_forest,8,2.0,8.0,education|age|education-num|capital-gain|capital-loss|native-country|workclass|hours-per-week,results/adult/final/diagnostics/SubsetFACMIM_k8_lambda2.0_diagnostics.csv,0.7813333333333333,0.7646325016064153,0.6281179138321995,0.8621660362614421,0.118094221033839,0.6836317973356628,0.2551867219917012,0.3732809430255402,0.0254126757693091,0.8796332046332047,0.7258064516129032,0.7318611987381703,0.1857142857142857,0.2111269614835948,0.0060547471252671,0.9917269187986651,0.0108015760573474,0.0359540873858558,0.2518059131432508,0.6311475409836065,0.6798869417750142,ok,adult,adult,SubsetFA-CMIM,8.0,2.0,,,,0.728571428571428,1.0,0.8196883014401265,0.8888185896698492,1.0,0.9826131844903846,0.864285714285714,0.7741298650057773,0.8086950091206386,True
ProxyRank_k8_lambda0.5,gradient_boosting,8,,,priors_count|c_charge_desc|age|age_cat|c_charge_degree|juv_fel_count|juv_misd_count|juv_other_count,,0.6813333333333333,0.6768054457415879,0.6400602409638554,0.7380780701456923,0.2073144408920931,0.5858349089113217,,,0.2520655308458503,,,,,,0.2520655308458503,,0.0258934080436636,,0.5445003816101088,0.6532411156883762,,,compas,COMPAS,ProxyRank,8.0,0.5,0.0|0.5|1.0|2.0,0.4486849308013916,8.0,1.0,1.0,1.0,0.0,0.0,0.0,1.0,1.0,0.5,True
FairCFS_k8_lambda0.5,gradient_boosting,8,,,priors_count|c_charge_desc|age|juv_fel_count|juv_misd_count|juv_other_count|c_charge_degree|age_cat,,0.6813333333333333,0.6768054457415879,0.6400602409638554,0.7380173873933367,0.2073144408920931,0.5858349089113217,,,0.2520655308458503,,,,,,0.2520655308458503,,0.0258934080436636,,0.5445003816101088,0.6532411156883762,,,compas,COMPAS,FairCFS-style,8.0,0.5,0.0|0.5|1.0|2.0,5.357962608337402,8.0,1.0,1.0,1.0,0.0,0.0,0.0,1.0,1.0,0.5,True
BasicFACMIM_k8_lambda0.5,gradient_boosting,8,,,priors_count|c_charge_desc|age|c_charge_degree|juv_fel_count|juv_misd_count|juv_other_count|age_cat,,0.6813333333333333,0.6768054457415879,0.6400602409638554,0.7380173873933367,0.2073144408920931,0.5858349089113217,,,0.2520655308458503,,,,,,0.2520655308458503,,0.0258934080436636,,0.5445003816101088,0.6532411156883762,,,compas,COMPAS,BasicFA-CMIM,8.0,0.5,0.0|0.5|1.0|2.0,13.562366485595703,8.0,1.0,1.0,1.0,0.0,0.0,0.0,1.0,1.0,0.5,True
ProxyRank_k8_lambda1.0,gradient_boosting,8,,,priors_count|c_charge_degree|juv_fel_count|juv_misd_count|juv_other_count|age|age_cat|c_charge_desc,,0.6813333333333333,0.6768054457415879,0.6400602409638554,0.7383725599732995,0.2073144408920931,0.5858349089113217,,,0.2520655308458503,,,,,,0.2520655308458503,,0.0258934080436636,,0.5445003816101088,0.6532411156883762,,,compas,COMPAS,ProxyRank,8.0,1.0,0.0|0.5|1.0|2.0,0.2791562080383301,8.0,1.0,1.0,1.0,0.0,0.0,0.0,1.0,1.0,0.5,True
BasicFACMIM_k8_lambda1.0,gradient_boosting,8,,,priors_count|c_charge_desc|age|juv_fel_count|juv_misd_count|juv_other_count|c_charge_degree|age_cat,,0.6813333333333333,0.6768054457415879,0.6400602409638554,0.7380173873933367,0.2073144408920931,0.5858349089113217,,,0.2520655308458503,,,,,,0.2520655308458503,,0.0258934080436636,,0.5445003816101088,0.6532411156883762,,,compas,COMPAS,BasicFA-CMIM,8.0,1.0,0.0|0.5|1.0|2.0,13.477242708206177,8.0,1.0,1.0,1.0,0.0,0.0,0.0,1.0,1.0,0.5,True
ProxyRank_k8_lambda2.0,gradient_boosting,8,,,priors_count|juv_fel_count|juv_misd_count|juv_other_count|c_charge_degree|age_cat|age|c_charge_desc,,0.6813333333333333,0.6768054457415879,0.6400602409638554,0.7383725599732995,0.2073144408920931,0.5858349089113217,,,0.2520655308458503,,,,,,0.2520655308458503,,0.0258934080436636,,0.5445003816101088,0.6532411156883762,,,compas,COMPAS,ProxyRank,8.0,2.0,0.0|0.5|1.0|2.0,0.2691254615783691,8.0,1.0,1.0,1.0,0.0,0.0,0.0,1.0,1.0,0.5,True
FairmRMR_k8_lambda2.0,gradient_boosting,8,,,priors_count|juv_fel_count|juv_misd_count|juv_other_count|c_charge_degree|age_cat|age|c_charge_desc,,0.6813333333333333,0.6768054457415879,0.6400602409638554,0.7383725599732995,0.2073144408920931,0.5858349089113217,,,0.2520655308458503,,,,,,0.2520655308458503,,0.0258934080436636,,0.5445003816101088,0.6532411156883762,,,compas,COMPAS,fair-mRMR,8.0,2.0,0.0|0.5|1.0|2.0,1.2474520206451416,8.0,1.0,1.0,1.0,0.0,0.0,0.0,1.0,1.0,0.5,True
FairLasso_k8_lambda2.0,gradient_boosting,8,,,c_charge_desc|priors_count|c_charge_degree|juv_fel_count|juv_misd_count|juv_other_count|age|age_cat,,0.6813333333333333,0.6767215607603906,0.6395173453996983,0.7372517138415574,0.1995402646614433,0.5977664642377678,,,0.2374254728163756,,,,,,0.2374254728163756,,0.0258934080436636,,0.5445003816101088,0.6532411156883762,,,compas,COMPAS,FairLasso-style,8.0,2.0,0.0|0.5|1.0|2.0,1.6375949382781982,8.0,1.0,1.0,1.0,1.0,1.0,1.0,1.0,1.0,1.0,True
BasicFACMIM_k8_lambda2.0,gradient_boosting,8,,,priors_count|juv_fel_count|juv_misd_count|juv_other_count|c_charge_degree|age_cat|age|c_charge_desc,,0.6813333333333333,0.6768054457415879,0.6400602409638554,0.7383725599732995,0.2073144408920931,0.5858349089113217,,,0.2520655308458503,,,,,,0.2520655308458503,,0.0258934080436636,,0.5445003816101088,0.6532411156883762,,,compas,COMPAS,BasicFA-CMIM,8.0,2.0,0.0|0.5|1.0|2.0,1.6165454387664795,8.0,1.0,1.0,1.0,0.0,0.0,0.0,1.0,1.0,0.5,True
SubsetFACMIM_k8_lambda2.0,gradient_boosting,8,,,priors_count|juv_fel_count|juv_misd_count|juv_other_count|c_charge_degree|age_cat|age|c_charge_desc,,0.6813333333333333,0.6768054457415879,0.6400602409638554,0.7383725599732995,0.2073144408920931,0.5858349089113217,,,0.2520655308458503,,,,,,0.2520655308458503,,0.0258934080436636,,0.5445003816101088,0.6532411156883762,,,compas,COMPAS,SubsetFA-CMIM,8.0,2.0,0.0|0.5|1.0|2.0,3.195659637451172,8.0,1.0,1.0,1.0,0.0,0.0,0.0,1.0,1.0,0.5,True
ProxyRank_k8_lambda0.5,logistic_regression,8,,,priors_count|c_charge_desc|age|age_cat|c_charge_degree|juv_fel_count|juv_misd_count|juv_other_count,,0.6673333333333333,0.6658959362188577,0.6443335709194583,0.7143734238101273,0.2055157171557657,0.6262209054580472,,,0.2306936999097712,,,,,,0.2306936999097712,,0.0258934080436636,,0.5445003816101088,0.6532411156883762,,,compas,COMPAS,ProxyRank,8.0,0.5,0.0|0.5|1.0|2.0,0.4486849308013916,8.0,1.0,1.0,1.0,1.0,1.0,1.0,1.0,1.0,1.0,True
FairCFS_k8_lambda0.5,logistic_regression,8,,,priors_count|c_charge_desc|age|juv_fel_count|juv_misd_count|juv_other_count|c_charge_degree|age_cat,,0.6673333333333333,0.6658959362188577,0.6443335709194583,0.7143734238101273,0.2055157171557657,0.6262209054580472,,,0.2306936999097712,,,,,,0.2306936999097712,,0.0258934080436636,,0.5445003816101088,0.6532411156883762,,,compas,COMPAS,FairCFS-style,8.0,0.5,0.0|0.5|1.0|2.0,5.357962608337402,8.0,1.0,1.0,1.0,1.0,1.0,1.0,1.0,1.0,1.0,True
BasicFACMIM_k8_lambda0.5,logistic_regression,8,,,priors_count|c_charge_desc|age|c_charge_degree|juv_fel_count|juv_misd_count|juv_other_count|age_cat,,0.6673333333333333,0.6658959362188577,0.6443335709194583,0.7143734238101273,0.2055157171557657,0.6262209054580472,,,0.2306936999097712,,,,,,0.2306936999097712,,0.0258934080436636,,0.5445003816101088,0.6532411156883762,,,compas,COMPAS,BasicFA-CMIM,8.0,0.5,0.0|0.5|1.0|2.0,13.562366485595703,8.0,1.0,1.0,1.0,1.0,1.0,1.0,1.0,1.0,1.0,True
ProxyRank_k8_lambda1.0,logistic_regression,8,,,priors_count|c_charge_degree|juv_fel_count|juv_misd_count|juv_other_count|age|age_cat|c_charge_desc,,0.6673333333333333,0.6658959362188577,0.6443335709194583,0.7143734238101273,0.2055157171557657,0.6262209054580472,,,0.2306936999097712,,,,,,0.2306936999097712,,0.0258934080436636,,0.5445003816101088,0.6532411156883762,,,compas,COMPAS,ProxyRank,8.0,1.0,0.0|0.5|1.0|2.0,0.2791562080383301,8.0,1.0,1.0,1.0,1.0,1.0,1.0,1.0,1.0,1.0,True
BasicFACMIM_k8_lambda1.0,logistic_regression,8,,,priors_count|c_charge_desc|age|juv_fel_count|juv_misd_count|juv_other_count|c_charge_degree|age_cat,,0.6673333333333333,0.6658959362188577,0.6443335709194583,0.7143734238101273,0.2055157171557657,0.6262209054580472,,,0.2306936999097712,,,,,,0.2306936999097712,,0.0258934080436636,,0.5445003816101088,0.6532411156883762,,,compas,COMPAS,BasicFA-CMIM,8.0,1.0,0.0|0.5|1.0|2.0,13.477242708206177,8.0,1.0,1.0,1.0,1.0,1.0,1.0,1.0,1.0,1.0,True
ProxyRank_k8_lambda2.0,logistic_regression,8,,,priors_count|juv_fel_count|juv_misd_count|juv_other_count|c_charge_degree|age_cat|age|c_charge_desc,,0.6673333333333333,0.6658959362188577,0.6443335709194583,0.7143734238101273,0.2055157171557657,0.6262209054580472,,,0.2306936999097712,,,,,,0.2306936999097712,,0.0258934080436636,,0.5445003816101088,0.6532411156883762,,,compas,COMPAS,ProxyRank,8.0,2.0,0.0|0.5|1.0|2.0,0.2691254615783691,8.0,1.0,1.0,1.0,1.0,1.0,1.0,1.0,1.0,1.0,True
FairmRMR_k8_lambda2.0,logistic_regression,8,,,priors_count|juv_fel_count|juv_misd_count|juv_other_count|c_charge_degree|age_cat|age|c_charge_desc,,0.6673333333333333,0.6658959362188577,0.6443335709194583,0.7143734238101273,0.2055157171557657,0.6262209054580472,,,0.2306936999097712,,,,,,0.2306936999097712,,0.0258934080436636,,0.5445003816101088,0.6532411156883762,,,compas,COMPAS,fair-mRMR,8.0,2.0,0.0|0.5|1.0|2.0,1.2474520206451416,8.0,1.0,1.0,1.0,1.0,1.0,1.0,1.0,1.0,1.0,True
FairLasso_k8_lambda2.0,logistic_regression,8,,,c_charge_desc|priors_count|c_charge_degree|juv_fel_count|juv_misd_count|juv_other_count|age|age_cat,,0.6673333333333333,0.6658959362188577,0.6443335709194583,0.7143734238101273,0.2055157171557657,0.6262209054580472,,,0.2306936999097712,,,,,,0.2306936999097712,,0.0258934080436636,,0.5445003816101088,0.6532411156883762,,,compas,COMPAS,FairLasso-style,8.0,2.0,0.0|0.5|1.0|2.0,1.6375949382781982,8.0,1.0,1.0,1.0,1.0,1.0,1.0,1.0,1.0,1.0,True
BasicFACMIM_k8_lambda2.0,logistic_regression,8,,,priors_count|juv_fel_count|juv_misd_count|juv_other_count|c_charge_degree|age_cat|age|c_charge_desc,,0.6673333333333333,0.6658959362188577,0.6443335709194583,0.7143734238101273,0.2055157171557657,0.6262209054580472,,,0.2306936999097712,,,,,,0.2306936999097712,,0.0258934080436636,,0.5445003816101088,0.6532411156883762,,,compas,COMPAS,BasicFA-CMIM,8.0,2.0,0.0|0.5|1.0|2.0,1.6165454387664795,8.0,1.0,1.0,1.0,1.0,1.0,1.0,1.0,1.0,1.0,True
SubsetFACMIM_k8_lambda2.0,logistic_regression,8,,,priors_count|juv_fel_count|juv_misd_count|juv_other_count|c_charge_degree|age_cat|age|c_charge_desc,,0.6673333333333333,0.6658959362188577,0.6443335709194583,0.7143734238101273,0.2055157171557657,0.6262209054580472,,,0.2306936999097712,,,,,,0.2306936999097712,,0.0258934080436636,,0.5445003816101088,0.6532411156883762,,,compas,COMPAS,SubsetFA-CMIM,8.0,2.0,0.0|0.5|1.0|2.0,3.195659637451172,8.0,1.0,1.0,1.0,1.0,1.0,1.0,1.0,1.0,1.0,True
ProxyRank_k8_lambda0.5,random_forest,8,,,priors_count|c_charge_desc|age|age_cat|c_charge_degree|juv_fel_count|juv_misd_count|juv_other_count,,0.646,0.6438074143614657,0.6171593366979091,0.695537675957672,0.1848313166104296,0.6517840385377348,,,0.1591741414999203,,,,,,0.1591741414999203,,0.0258934080436636,,0.5445003816101088,0.6532411156883762,,,compas,COMPAS,ProxyRank,8.0,0.5,0.0|0.5|1.0|2.0,0.4486849308013916,8.0,0.6666666666666713,1.0,1.0,0.5218619503807389,0.0,0.7435903475685979,0.8333333333333357,0.8333333333333357,0.5942643085237052,True
FairmRMR_k8_lambda0.5,random_forest,8,,,priors_count|juv_fel_count|juv_misd_count|c_charge_degree|juv_other_count|age|c_charge_desc|age_cat,,0.648,0.6456055870967051,0.61794500723589,0.6914853174511102,0.1875340143270651,0.6451951805210399,,,0.1683358572682964,,,,,,0.1507527908992799,,0.0258934080436636,,0.5445003816101089,0.6532411156883762,,,compas,COMPAS,fair-mRMR,8.0,0.5,0.0|0.5|1.0|2.0,1.2092933654785156,8.0,0.9166666666666747,0.5,1.0,0.3419307295504763,0.41938325991189096,0.25466893039048977,0.7083333333333374,0.9583333333333374,0.6292986981085755,True
FairmRMR_k8_lambda1.0,random_forest,8,,,priors_count|juv_fel_count|juv_misd_count|juv_other_count|c_charge_degree|age|c_charge_desc|age_cat,,0.648,0.6456055870967051,0.61794500723589,0.6914853174511102,0.1875340143270651,0.6451951805210399,,,0.1683358572682964,,,,,,0.1507527908992799,,0.0258934080436636,,0.5445003816101089,0.6532411156883762,,,compas,COMPAS,fair-mRMR,8.0,1.0,0.0|0.5|1.0|2.0,1.230992317199707,8.0,0.9166666666666747,0.5,1.0,0.3419307295504763,0.41938325991189096,0.25466893039048977,0.7083333333333374,0.9583333333333374,0.6292986981085755,True
SubsetFACMIM_k8_lambda1.0,random_forest,8,,,priors_count|age|juv_fel_count|juv_misd_count|juv_other_count|age_cat|c_charge_degree|c_charge_desc,,0.6486666666666666,0.6467362495560343,0.6216798277099784,0.6923705717207667,0.1832484397224615,0.6569374073958949,,,0.1695829780735801,,,,,,0.1390938202147797,,0.0258934080436636,,0.544500381610109,0.6532411156883762,,,compas,COMPAS,SubsetFA-CMIM,8.0,1.0,0.0|0.5|1.0|2.0,3.302022695541382,8.0,1.0,0.0,1.0,0.6272414640137529,1.0,0.18811544991510765,0.5,1.0,0.8136207320068765,True
FairCFS_k8_lambda2.0,random_forest,8,,,priors_count|juv_fel_count|c_charge_degree|juv_misd_count|juv_other_count|age|c_charge_desc|age_cat,,0.648,0.6456055870967051,0.61794500723589,0.6914853174511102,0.1875340143270651,0.6451951805210399,,,0.1683358572682964,,,,,,0.1507527908992799,,0.0258934080436636,,0.5445003816101089,0.6532411156883762,,,compas,COMPAS,FairCFS-style,8.0,2.0,0.0|0.5|1.0|2.0,6.222704887390137,8.0,0.9166666666666747,0.5,1.0,0.3419307295504763,0.41938325991189096,0.25466893039048977,0.7083333333333374,0.9583333333333374,0.6292986981085755,True
FairmRMR_k8_lambda0.5,gradient_boosting,8,,,checking_status|duration|other_payment_plans|savings_status|foreign_worker|installment_commitment|property_magnitude|credit_history,,0.7333333333333333,0.6507936507936507,0.5,0.7383333333333334,0.0161755397707293,0.9316086827237584,,,0.1267281105990783,,,,,,0.1267281105990783,,0.0136744144804426,,0.4414274599177576,0.6162880652647866,,,german_credit,German Credit,fair-mRMR,8.0,0.5,0.0|0.5|1.0|2.0,1.906379461288452,8.0,0.49999999999999906,0.2177894480748752,0.8279294653014777,0.8279742765273306,0.12068965517241359,0.1333333333333332,0.35889472403743716,0.6639647326507384,0.6639871382636648,True
SubsetFACMIM_k8_lambda0.5,gradient_boosting,8,,,checking_status|duration|other_payment_plans|credit_history|foreign_worker|num_dependents|other_parties|existing_credits,,0.73,0.6357142857142857,0.4705882352941176,0.7483597883597883,0.0339686335185315,0.8568464730290456,,,0.0373040187421157,,,,,,0.01036866359447,,0.0154513419099128,,0.2681276745417302,0.6699134960264435,,,german_credit,German Credit,SubsetFA-CMIM,8.0,0.5,0.0|0.5|1.0|2.0,6.022196292877197,8.0,0.44444444444444403,0.9126252377367697,0.3941979522184299,0.6245980707395498,0.9913793103448275,0.8725724926842238,0.6785348410906069,0.419321198331437,0.5345212575919969,True
ProxyRank_k8_lambda1.0,gradient_boosting,8,,,checking_status|savings_status|duration|other_payment_plans|property_magnitude|credit_history|foreign_worker|credit_amount,,0.7633333333333333,0.6817460317460318,0.5477707006369427,0.7669576719576721,0.0037274069906463,0.9833647206528562,,,0.1232718894009216,,,,,,0.1232718894009216,,0.0117875617631894,,0.4489252618460084,0.5993389127224137,,,german_credit,German Credit,ProxyRank,8.0,1.0,0.0|0.5|1.0|2.0,0.2964558601379394,8.0,1.0,0.18772743090479926,0.9650170648464156,0.9702572347266875,0.14655172413793094,0.16190476190476188,0.5938637154523996,0.9825085324232078,0.9851286173633438,True
FairCFS_k8_lambda2.0,gradient_boosting,8,,,checking_status|duration|savings_status|other_payment_plans|property_magnitude|credit_history|foreign_worker|installment_commitment,,0.7333333333333333,0.653968253968254,0.5061728395061729,0.7386507936507938,0.0244742949574512,0.9000287273771905,,,0.1428571428571428,,,,,,0.1428571428571428,,0.0136744144804426,,0.4414274599177576,0.6162880652647866,,,german_credit,German Credit,FairCFS-style,8.0,2.0,0.0|0.5|1.0|2.0,11.701202392578123,8.0,0.49999999999999906,0.2177894480748752,0.8279294653014777,0.7331189710610938,0.0,0.0,0.35889472403743716,0.6639647326507384,0.6165594855305464,True
SubsetFACMIM_k8_lambda2.0,gradient_boosting,8,,,checking_status|other_payment_plans|foreign_worker|num_dependents|other_parties|own_telephone|job|savings_status,,0.7133333333333334,0.6111111111111112,0.4266666666666667,0.7293386243386244,0.0886138265700823,0.6732365145228215,,,0.1084880158587132,,,,,,0.0495391705069124,,0.0159292072997795,,0.2463354356087482,0.6903087418243196,,,german_credit,German Credit,SubsetFA-CMIM,8.0,2.0,0.0|0.5|1.0|2.0,5.782323122024536,8.0,0.16666666666666696,1.0,0.2292377701934013,0.0,0.6982758620689653,0.28411811652035124,0.5833333333333335,0.19795221843003413,0.08333333333333348,True
ProxyRank_k8_lambda0.5,logistic_regression,8,,,checking_status|savings_status|duration|credit_history|property_magnitude|other_payment_plans|purpose|foreign_worker,,0.72,0.7142857142857142,0.6,0.7867989417989418,0.0295379421900274,0.9302904564315352,,,0.1866359447004608,,,,,,0.1866359447004608,,0.0143158964898477,,0.4662765264156376,0.6647091919262957,,,german_credit,German Credit,ProxyRank,8.0,0.5,0.0|0.5|1.0|2.0,0.1911449432373047,8.0,0.7894736842105264,0.11815850678460527,0.43629124004550635,0.8844820947246826,0.15300546448087415,0.20289855072463747,0.45381609549756585,0.6128824621280164,0.8369778894676045,True
FairmRMR_k8_lambda0.5,logistic_regression,8,,,checking_status|duration|other_payment_plans|savings_status|foreign_worker|installment_commitment|property_magnitude|credit_history,,0.7133333333333334,0.7126984126984127,0.5981308411214953,0.7724338624338624,0.0551374920880511,0.8795143691409252,,,0.0990783410138248,,,,,,0.0990783410138248,,0.0136744144804426,,0.4414274599177576,0.6162880652647866,,,german_credit,German Credit,fair-mRMR,8.0,0.5,0.0|0.5|1.0|2.0,1.906379461288452,8.0,0.6842105263157905,0.2177894480748752,0.8279294653014777,0.7443203696572975,0.5683060109289618,0.7536231884057971,0.45099998719533285,0.7560699958086341,0.714265447986544,True
SubsetFACMIM_k8_lambda0.5,logistic_regression,8,,,checking_status|duration|other_payment_plans|credit_history|foreign_worker|num_dependents|other_parties|existing_credits,,0.7033333333333334,0.7150793650793651,0.600896860986547,0.781058201058201,0.0810886841550038,0.8405255878284924,,,0.0956221198156681,,,,,,0.0956221198156681,,0.0154513419099128,,0.2681276745417302,0.6699134960264435,,,german_credit,German Credit,SubsetFA-CMIM,8.0,0.5,0.0|0.5|1.0|2.0,6.022196292877197,8.0,0.5263157894736848,0.9126252377367697,0.3941979522184299,0.6022333461686566,0.5846994535519128,0.7753623188405799,0.7194705136052273,0.4602568708460574,0.5642745678211707,True
BasicFACMIM_k8_lambda1.0,logistic_regression,8,,,checking_status|duration|property_magnitude|other_payment_plans|purpose|savings_status|credit_history|credit_amount,,0.7333333333333333,0.7301587301587302,0.6190476190476191,0.7903174603174604,0.0084394120542936,0.9792531120331948,,,0.2188940092165898,,,,,,0.2188940092165898,,0.0139562361304513,,0.4911255929135176,0.6266615092481891,,,german_credit,German Credit,BasicFA-CMIM,8.0,1.0,0.0|0.5|1.0|2.0,5.000693082809448,8.0,1.0,0.018527565494335207,0.7440273037542653,1.0,0.0,0.0,0.5092637827471675,0.8720136518771326,1.0,True
FairCFS_k8_lambda2.0,logistic_regression,8,,,checking_status|duration|savings_status|other_payment_plans|property_magnitude|credit_history|foreign_worker|installment_commitment,,0.7133333333333334,0.7126984126984127,0.5981308411214953,0.7724338624338624,0.0551374920880511,0.8795143691409252,,,0.0990783410138248,,,,,,0.0990783410138248,,0.0136744144804426,,0.4414274599177576,0.6162880652647866,,,german_credit,German Credit,FairCFS-style,8.0,2.0,0.0|0.5|1.0|2.0,11.701202392578123,8.0,0.6842105263157905,0.2177894480748752,0.8279294653014777,0.7443203696572975,0.5683060109289618,0.7536231884057971,0.45099998719533285,0.7560699958086341,0.714265447986544,True
SubsetFACMIM_k8_lambda2.0,logistic_regression,8,,,checking_status|other_payment_plans|foreign_worker|num_dependents|other_parties|own_telephone|job|savings_status,,0.67,0.6912698412698413,0.575107296137339,0.7269047619047619,0.1239890287643294,0.7848425677324872,,,0.0673995314471075,,,,,,0.0080645161290322,,0.0159292072997795,,0.2463354356087482,0.6903087418243196,,,german_credit,German Credit,SubsetFA-CMIM,8.0,2.0,0.0|0.5|1.0|2.0,5.782323122024536,8.0,0.0,1.0,0.2292377701934013,0.36734693877551017,1.0,0.9528783094486276,0.5,0.11461888509670065,0.18367346938775508,True
SubsetFACMIM_k8_lambda0.5,random_forest,8,,,checking_status|duration|other_payment_plans|credit_history|foreign_worker|num_dependents|other_parties|existing_credits,,0.7,0.6365079365079365,0.4886363636363636,0.7024603174603175,0.0651241296856318,0.807883817427386,,,0.032258064516129,,,,,,0.032258064516129,,0.0154513419099128,,0.2681276745417302,0.6699134960264435,,,german_credit,German Credit,SubsetFA-CMIM,8.0,0.5,0.0|0.5|1.0|2.0,6.022196292877197,8.0,0.25925925925925886,0.9126252377367697,0.3941979522184299,0.48069963811821503,0.7927927927927927,0.7927927927927927,0.5859422484980144,0.3267286057388444,0.36997944868873694,True
ProxyRank_k8_lambda2.0,random_forest,8,,,checking_status|duration|savings_status|other_payment_plans|property_magnitude|foreign_worker|other_parties|installment_commitment,,0.7066666666666667,0.638095238095238,0.4883720930232558,0.7142857142857144,0.0817216400590759,0.7589211618257261,,,0.0483870967741935,,,,,,0.0483870967741935,,0.0108119316380292,,0.4246876955820409,0.5950137140445881,,,german_credit,German Credit,ProxyRank,8.0,2.0,0.0|0.5|1.0|2.0,0.206944465637207,8.0,0.3333333333333333,0.28490659623362136,1.0,0.3383594692400478,0.6666666666666667,0.6666666666666667,0.30911996478347736,0.6666666666666666,0.3358464012866905,True
FairCFS_k8_lambda2.0,random_forest,8,,,checking_status|duration|savings_status|other_payment_plans|property_magnitude|credit_history|foreign_worker|installment_commitment,,0.73,0.6547619047619048,0.509090909090909,0.7344179894179894,0.0263731626696673,0.9027489626556016,,,0.0552995391705069,,,,,,0.0552995391705069,,0.0136744144804426,,0.4414274599177576,0.6162880652647866,,,german_credit,German Credit,FairCFS-style,8.0,2.0,0.0|0.5|1.0|2.0,11.701202392578123,8.0,0.5925925925925922,0.2177894480748752,0.8279294653014777,0.8130277442702049,0.6126126126126124,0.6126126126126124,0.4051910203337337,0.710261028947035,0.7028101684313985,True
BasicFACMIM_k8_lambda2.0,random_forest,8,,,checking_status|duration|other_payment_plans|property_magnitude|savings_status|purpose|credit_amount|foreign_worker,,0.7666666666666667,0.6714285714285715,0.527027027027027,0.7509523809523808,0.0547155214853365,0.7694131594546532,,,0.030455938006848,,,,,,0.0069124423963133,,0.0118286355033899,,0.4865046117097847,0.6176594697236093,,,german_credit,German Credit,BasicFA-CMIM,8.0,2.0,0.0|0.5|1.0|2.0,6.413734674453735,8.0,1.0,0.03705513098867008,0.8168373151308295,0.5699638118214713,0.990990990990991,0.8068850973878909,0.5185275654943351,0.9084186575654147,0.7849819059107357,True
SubsetFACMIM_k8_lambda2.0,random_forest,8,,,checking_status|other_payment_plans|foreign_worker|num_dependents|other_parties|own_telephone|job|savings_status,,0.6766666666666666,0.6357142857142857,0.4974093264248704,0.68494708994709,0.1211758914128982,0.7250239387168848,,,0.0711839971165975,,,,,,0.0552995391705068,,0.0159292072997795,,0.2463354356087482,0.6903087418243196,,,german_credit,German Credit,SubsetFA-CMIM,8.0,2.0,0.0|0.5|1.0|2.0,5.782323122024536,8.0,0.0,1.0,0.2292377701934013,0.0,0.6126126126126132,0.48839901353867887,0.5,0.11461888509670065,0.0,True
