dataset,model,selector,selector_family,selector_lambda,method_label,accuracy_mean,accuracy_std,accuracy_count,balanced_accuracy_mean,balanced_accuracy_std,balanced_accuracy_count,f1_mean,f1_std,f1_count,auroc_mean,auroc_std,auroc_count,dpd_mean,dpd_std,dpd_count,dpr_mean,dpr_std,dpr_count,equal_opportunity_difference_mean,equal_opportunity_difference_std,equal_opportunity_difference_count,equalized_odds_difference_mean,equalized_odds_difference_std,equalized_odds_difference_count,joint_subset_mi_sensitive_mean,joint_subset_mi_sensitive_std,joint_subset_mi_sensitive_count,sensitive_attacker_balanced_accuracy_mean,sensitive_attacker_balanced_accuracy_std,sensitive_attacker_balanced_accuracy_count
Adult,gradient_boosting,BasicFACMIM_k8_lambda0.0,Basic FA-CMIM,0.0,"Basic FA-CMIM, lambda=0",0.8333333333333334,0.005981452814975471,5,0.7305198243131088,0.019520503355797886,5,0.6079710859501751,0.030050955183050457,5,0.8858150324769433,0.007298971916522509,5,0.16866149864998134,0.034367085644030695,5,0.2871091592278466,0.06500582951348388,5,0.1289988354065698,0.09431175395192706,5,0.13903682955964508,0.08409547717132307,5,0.5883442850429316,0.007033753597360757,5,0.8505469191583195,0.013465602292155845,5
Adult,gradient_boosting,BasicFACMIM_k8_lambda0.5,Basic FA-CMIM,0.5,"Basic FA-CMIM, lambda=0.5",0.8437333333333333,0.007653612073901954,5,0.7336830206957409,0.01907087671648409,5,0.6183380552671462,0.03137545906248798,5,0.9018210431759466,0.0100635951542134,5,0.1688640970262338,0.022630481308876245,5,0.23038407074098738,0.05562736512758096,5,0.1649912198322793,0.046742514357657486,5,0.1649912198322793,0.046742514357657486,5,0.4896517078869934,0.03201532298349022,5,0.734137808702074,0.013626006446988437,5
Adult,gradient_boosting,BasicFACMIM_k8_lambda1.0,Basic FA-CMIM,1.0,"Basic FA-CMIM, lambda=1",0.8308,0.006487595000374822,5,0.6898386156125983,0.011103524734059135,5,0.5448474062152526,0.02177820354698272,5,0.8423410053793056,0.007287701482026959,5,0.07235993707337367,0.003898123677678987,5,0.5159493835584119,0.03418272238237079,5,0.052846065847912536,0.029181340499395834,5,0.053802087285491365,0.027207041306377116,5,0.26302378698133405,0.010254962810042801,5,0.5563447146969207,0.01995987256498904,5
Adult,gradient_boosting,BasicFACMIM_k8_lambda2.0,Basic FA-CMIM,2.0,"Basic FA-CMIM, lambda=2",0.8308,0.006487595000374822,5,0.6898386156125983,0.011103524734059135,5,0.5448474062152526,0.02177820354698272,5,0.8423643577366295,0.007257248682566644,5,0.07235993707337367,0.003898123677678987,5,0.5159493835584119,0.03418272238237079,5,0.052846065847912536,0.029181340499395834,5,0.053802087285491365,0.027207041306377116,5,0.26302378698133405,0.010254962810042791,5,0.555224011296087,0.019931858481602668,5
Adult,gradient_boosting,CMIM_k8,CMIM,,CMIM,0.8333333333333334,0.005981452814975471,5,0.7305198243131088,0.019520503355797886,5,0.6079710859501751,0.030050955183050457,5,0.8858150324769433,0.007298971916522509,5,0.16866149864998134,0.034367085644030695,5,0.2871091592278466,0.06500582951348388,5,0.1289988354065698,0.09431175395192706,5,0.13903682955964508,0.08409547717132307,5,0.5883442850429316,0.007033753597360757,5,0.8505469191583195,0.013465602292155845,5
Adult,gradient_boosting,FairCFS_k8_lambda0.0,FairCFS-style,0.0,"FairCFS-style, lambda=0",0.8445333333333334,0.013600653579066582,5,0.744432694129084,0.023671193070454833,5,0.6330651581288412,0.04132162382392522,5,0.8994113727023866,0.019584954714817603,5,0.1608089896409373,0.018390495458940056,5,0.30436927006866704,0.05241862510536,5,0.08510279971862512,0.03556186125477528,5,0.09336030207978384,0.024029229761583372,5,0.5874491960194538,0.014015355667920233,5,0.8534660796469064,0.017122139503806862,5
Adult,gradient_boosting,FairCFS_k8_lambda0.5,FairCFS-style,0.5,"FairCFS-style, lambda=0.5",0.8544,0.009099450532861847,5,0.7556485069030302,0.01807886035839481,5,0.6539080492131786,0.029469922387606644,5,0.9099215814618743,0.010598363740479134,5,0.159776510819453,0.013954914797949719,5,0.29618871775996347,0.064997224316394,5,0.09082202931155164,0.053454726232800204,5,0.10385440255388967,0.031536583944318915,5,0.57520541665271,0.009345854998352984,5,0.8565622147159075,0.015687790052225235,5
Adult,gradient_boosting,FairCFS_k8_lambda1.0,FairCFS-style,1.0,"FairCFS-style, lambda=1",0.8546666666666667,0.009345230512584072,5,0.760206697276234,0.024408234862168116,5,0.6588634436848114,0.0378619264406183,5,0.9101450126626978,0.011411515390335842,5,0.18084852081474023,0.010434741446657172,5,0.24505378337777892,0.061595805334934445,5,0.16371390969863464,0.0703745135474222,5,0.1695605151814211,0.05955781100096847,5,0.43841764916420833,0.058411071570715734,5,0.7608909404892514,0.027995913419618098,5
Adult,gradient_boosting,FairCFS_k8_lambda2.0,FairCFS-style,2.0,"FairCFS-style, lambda=2",0.8462666666666667,0.01760429240586254,5,0.7444432101736058,0.0317655301290545,5,0.6335502587495572,0.05391834917742048,5,0.8948643860480547,0.031816402802640295,5,0.1589896201070592,0.030769020958944255,5,0.3018986567500209,0.07568646977148007,5,0.12258697018901679,0.04162351668491106,5,0.12364277200496776,0.040824016493308767,5,0.3788305176438759,0.08450442390904846,5,0.7070344614840376,0.04794577799977671,5
Adult,gradient_boosting,FairLasso_k8_lambda0.0,FairLasso-style,0.0,"FairLasso-style, lambda=0",0.8291999999999999,0.007935853941308281,5,0.7308942786205205,0.015936085169580408,5,0.6067611236571612,0.026401836908957598,5,0.8850411653084542,0.005253465097447621,5,0.166667255047049,0.022314194059757417,5,0.31582605806190545,0.050467442045877005,5,0.10621601136111476,0.04432253484899545,5,0.11595092775929401,0.024330883181548916,5,0.576445714221397,0.006429204743589139,5,0.8556399449843237,0.014223448455443159,5
Adult,gradient_boosting,FairLasso_k8_lambda0.5,FairLasso-style,0.5,"FairLasso-style, lambda=0.5",0.8328,0.010202396232694016,5,0.7364836956537962,0.021107700254768557,5,0.6157343485009299,0.03526788220157361,5,0.8855517108863655,0.005443749111398038,5,0.18379513942205905,0.023037495003033214,5,0.26538982808777145,0.04641741993084888,5,0.1624010888672555,0.08440559990435494,5,0.16809646077971802,0.07809611680632852,5,0.5573351582575791,0.021123727437034077,5,0.8105032326974705,0.04060478502365481,5
Adult,gradient_boosting,FairLasso_k8_lambda1.0,FairLasso-style,1.0,"FairLasso-style, lambda=1",0.8332,0.008924373616363522,5,0.7371171833172137,0.020223862679623516,5,0.6167542619758575,0.03356899170697234,5,0.8851178215717708,0.006097529220044893,5,0.19255585648302734,0.015615780807276436,5,0.2379459727990454,0.02222717208843959,5,0.18740106711374885,0.0789168386232904,5,0.19309643902621138,0.0696175635060219,5,0.5474785209315205,0.008975293886573157,5,0.7780551249448537,0.017367666488014646,5
Adult,gradient_boosting,FairLasso_k8_lambda2.0,FairLasso-style,2.0,"FairLasso-style, lambda=2",0.8320000000000001,0.008273115763993925,5,0.7356011415350736,0.019925594912870326,5,0.6141148325721643,0.032682458722117745,5,0.8850927612933347,0.006129825422626602,5,0.19152020784857354,0.016935286092050163,5,0.2416317378162843,0.02893636566479808,5,0.18103982115905626,0.07146595389161546,5,0.1867351930715188,0.06177940150005985,5,0.5558949683718817,0.012282476555608398,5,0.7674403325711037,0.02950738532981297,5
Adult,gradient_boosting,FairmRMR_k8_lambda0.0,fair-mRMR,0.0,"fair-mRMR, lambda=0",0.8569333333333333,0.007882470002057313,5,0.76259983553355,0.01665711650264123,5,0.6640448361149547,0.027666375339032004,5,0.9132343838216137,0.009977066443158777,5,0.16803785022384926,0.017660618244157097,5,0.28504961373284604,0.06815839392848091,5,0.11706636753688489,0.06280733019490263,5,0.12643838379309177,0.05014870525106056,5,0.5629270813129003,0.037915209018427695,5,0.830582597137399,0.036525695427498575,5
Adult,gradient_boosting,FairmRMR_k8_lambda0.5,fair-mRMR,0.5,"fair-mRMR, lambda=0.5",0.8505333333333333,0.006788879796320517,5,0.7456110335517236,0.018412161966392646,5,0.6384487455392842,0.02867562074862309,5,0.9082196912115756,0.008887245238875558,5,0.1634562625066441,0.021730496418880415,5,0.2622217081782213,0.06718187929100267,5,0.13227944916267592,0.04858215122509836,5,0.13227944916267592,0.04858215122509836,5,0.46062673822751476,0.044546943805851384,5,0.7318657095362774,0.012038694973220888,5
Adult,gradient_boosting,FairmRMR_k8_lambda1.0,fair-mRMR,1.0,"fair-mRMR, lambda=1",0.8315999999999999,0.00850620688412621,5,0.6961499516175504,0.013194209754987656,5,0.5561063489853051,0.02611460761418936,5,0.8521599926740151,0.012982354613849322,5,0.08881011123817753,0.017258878885892833,5,0.45472543599708304,0.09935968908174912,5,0.055547320953719906,0.06710082477511269,5,0.059501947982216905,0.06341347216123268,5,0.36681651568561224,0.03890922727078216,5,0.6016607572103474,0.038624846984797824,5
Adult,gradient_boosting,FairmRMR_k8_lambda2.0,fair-mRMR,2.0,"fair-mRMR, lambda=2",0.8297333333333332,0.009702233419854066,5,0.6916791389306619,0.01588851240710286,5,0.5475927446438649,0.030817592043806026,5,0.8505623050666973,0.013876875757259459,5,0.08635967793985821,0.01999084890809227,5,0.45945838770827807,0.10380107586455455,5,0.05588105881779758,0.06678277024289385,5,0.05838306686333579,0.06445278538377407,5,0.37936004086314956,0.023628103905433438,5,0.5945989889471053,0.03770054011381914,5
Adult,gradient_boosting,ProxyRank_k8_lambda0.0,ProxyRank,0.0,"ProxyRank, lambda=0",0.8293333333333333,0.007318166133366685,5,0.7349763549507268,0.019386191950164167,5,0.611794955885795,0.030008967678505326,5,0.8855765692622709,0.005841095159508005,5,0.17325201605737323,0.033065714035426096,5,0.3135760385262689,0.06641032309057296,5,0.11938842998561303,0.06732256732306638,5,0.12779223659077849,0.05730022654728038,5,0.5803235973474553,0.008199479843372293,5,0.8516509848239739,0.017062349548272362,5
Adult,gradient_boosting,ProxyRank_k8_lambda0.5,ProxyRank,0.5,"ProxyRank, lambda=0.5",0.8352,0.011835915211291827,5,0.7393368307580804,0.022273186884329495,5,0.6207845445172812,0.037864073471853874,5,0.8896950980861327,0.010771291264869712,5,0.19219343021642926,0.015950446352608894,5,0.23704958555731817,0.02056844988798724,5,0.17933087201140513,0.07096118263559412,5,0.18502624392386766,0.06139327387872089,5,0.5404266537754161,0.023812885765954587,5,0.7799229639462432,0.017834806275610657,5
Adult,gradient_boosting,ProxyRank_k8_lambda1.0,ProxyRank,1.0,"ProxyRank, lambda=1",0.8343999999999999,0.014881756168768046,5,0.7054783436864343,0.024416343408437943,5,0.5717232473751034,0.04108102432180525,5,0.8583251737817565,0.031771279305762685,5,0.09754771867486692,0.04719399242979251,5,0.4535470321511995,0.16052821208930385,5,0.0661596841239043,0.06562975981360074,5,0.06618024757684479,0.0656068496484568,5,0.30986068740815614,0.047314035849120556,5,0.5931988303980571,0.08747645128929245,5
Adult,gradient_boosting,ProxyRank_k8_lambda2.0,ProxyRank,2.0,"ProxyRank, lambda=2",0.8309333333333333,0.0070961648483920765,5,0.6901093045077903,0.011599593598607908,5,0.5453791011675091,0.022807551212002716,5,0.8424382564741965,0.007407644437983773,5,0.07255524957337367,0.004249803404735757,5,0.5153266034289904,0.03489108653886361,5,0.053501803552830574,0.027824561743623265,5,0.05352236700577108,0.027782194084658283,5,0.26302378698133405,0.010254962810042798,5,0.5564849757100319,0.019408302682178368,5
Adult,gradient_boosting,SubsetFACMIM_k8_lambda0.0,Subset-aware FA-CMIM,0.0,"Subset-aware FA-CMIM, lambda=0",0.8333333333333334,0.005981452814975471,5,0.7305198243131088,0.019520503355797886,5,0.6079710859501751,0.030050955183050457,5,0.8858150324769433,0.007298971916522509,5,0.16866149864998134,0.034367085644030695,5,0.2871091592278466,0.06500582951348388,5,0.1289988354065698,0.09431175395192706,5,0.13903682955964508,0.08409547717132307,5,0.5883442850429316,0.007033753597360757,5,0.8505469191583195,0.013465602292155845,5
Adult,gradient_boosting,SubsetFACMIM_k8_lambda0.5,Subset-aware FA-CMIM,0.5,"Subset-aware FA-CMIM, lambda=0.5",0.8532,0.0077517023219992615,5,0.7546972403313582,0.022061371102931698,5,0.6513429723523394,0.0328269787466781,5,0.9097175707779133,0.009754377266473649,5,0.1670709973063122,0.016790012970961006,5,0.27303248582972517,0.07510996934756624,5,0.10129861357225348,0.06301116848967026,5,0.11706988292980228,0.043774129959672156,5,0.324137552840844,0.012010933987052205,5,0.737068455166934,0.01895432409839183,5
Adult,gradient_boosting,SubsetFACMIM_k8_lambda1.0,Subset-aware FA-CMIM,1.0,"Subset-aware FA-CMIM, lambda=1",0.8325333333333333,0.010681240044530868,5,0.7026500882281063,0.013553355181380353,5,0.5673594121170693,0.026269095414806185,5,0.854615400188299,0.012064502446485966,5,0.0902284003532541,0.02115853272662861,5,0.473735497570212,0.10438260771596503,5,0.05742258059957687,0.06929040921792827,5,0.0615557308399425,0.06590975381562818,5,0.2506549922713933,0.014235153266239656,5,0.6077592177116264,0.019742945564642667,5
Adult,gradient_boosting,SubsetFACMIM_k8_lambda2.0,Subset-aware FA-CMIM,2.0,"Subset-aware FA-CMIM, lambda=2",0.8341333333333333,0.008607490278175707,5,0.7008790252990555,0.016017323827401883,5,0.564681430969709,0.030162481036307667,5,0.8536699108641963,0.013752890315209107,5,0.08135807782383192,0.016197028419244183,5,0.4987158270962448,0.09165825524647905,5,0.033457612446710625,0.030347610832855313,5,0.03759076268707625,0.026674695057575196,5,0.2525064043139702,0.016934015000056212,5,0.5914562216686642,0.03238615550634377,5
Adult,gradient_boosting,mRMR_k8,mRMR,,mRMR,0.8569333333333333,0.007882470002057313,5,0.76259983553355,0.01665711650264123,5,0.6640448361149547,0.027666375339032004,5,0.9132343838216137,0.009977066443158777,5,0.16803785022384926,0.017660618244157097,5,0.28504961373284604,0.06815839392848091,5,0.11706636753688489,0.06280733019490263,5,0.12643838379309177,0.05014870525106056,5,0.5629270813129003,0.037915209018427695,5,0.830582597137399,0.036525695427498575,5
Adult,logistic_regression,BasicFACMIM_k8_lambda0.0,Basic FA-CMIM,0.0,"Basic FA-CMIM, lambda=0",0.7838666666666667,0.0048396510434351205,5,0.8033893160312358,0.008603374285969958,5,0.6563529463685969,0.009967459263356243,5,0.8822819466277261,0.005574129646872902,5,0.32511267065479776,0.025904643432402053,5,0.3338153405479718,0.04104944099633267,5,0.12266536295480587,0.06449843016336418,5,0.2393204629987325,0.019671353657840264,5,0.5883442850429316,0.007033753597360757,5,0.8505469191583195,0.013465602292155845,5
Adult,logistic_regression,BasicFACMIM_k8_lambda0.5,Basic FA-CMIM,0.5,"Basic FA-CMIM, lambda=0.5",0.7686666666666666,0.02345207879911713,5,0.7973654104349509,0.013848011803827828,5,0.6447714951350446,0.024639505850215383,5,0.8817195194897927,0.014644268135419924,5,0.38292904413097245,0.03902033632699948,5,0.274385303508599,0.040060020762464066,5,0.22859510988158385,0.06903948347594693,5,0.2935096098678344,0.04049459137251021,5,0.4896517078869934,0.03201532298349022,5,0.734137808702074,0.013626006446988437,5
Adult,logistic_regression,BasicFACMIM_k8_lambda1.0,Basic FA-CMIM,1.0,"Basic FA-CMIM, lambda=1",0.7330666666666666,0.008227325743453272,5,0.7083211621645404,0.011850040991186032,5,0.5479844711913012,0.019654105191876704,5,0.7948845391371483,0.011060829994300456,5,0.05846173650430444,0.025590627343483066,5,0.8397669896693856,0.06960612908276381,5,0.03774837803204194,0.03565874234556865,5,0.04397207624414452,0.02976971883592523,5,0.26302378698133405,0.010254962810042801,5,0.5563447146969207,0.01995987256498904,5
Adult,logistic_regression,BasicFACMIM_k8_lambda2.0,Basic FA-CMIM,2.0,"Basic FA-CMIM, lambda=2",0.7327999999999999,0.008129507296810105,5,0.7081424577945122,0.01155953576193094,5,0.5477373615106115,0.01925369072438166,5,0.7948601507902479,0.011074474735508828,5,0.05639043923539687,0.024982784557003125,5,0.8451306531041178,0.06845985035291788,5,0.03774837803204194,0.03565874234556865,5,0.04499762711146753,0.028978573047633346,5,0.26302378698133405,0.010254962810042791,5,0.555224011296087,0.019931858481602668,5
Adult,logistic_regression,CMIM_k8,CMIM,,CMIM,0.7838666666666667,0.0048396510434351205,5,0.8033893160312358,0.008603374285969958,5,0.6563529463685969,0.009967459263356243,5,0.8822819466277261,0.005574129646872902,5,0.32511267065479776,0.025904643432402053,5,0.3338153405479718,0.04104944099633267,5,0.12266536295480587,0.06449843016336418,5,0.2393204629987325,0.019671353657840264,5,0.5883442850429316,0.007033753597360757,5,0.8505469191583195,0.013465602292155845,5
Adult,logistic_regression,FairCFS_k8_lambda0.0,FairCFS-style,0.0,"FairCFS-style, lambda=0",0.7932,0.010597693669431644,5,0.8100096006758477,0.005704980221417863,5,0.6667281428090228,0.014154217360449457,5,0.8926430549826799,0.011428884369534547,5,0.31706844567639203,0.026112080993516185,5,0.3350212471097266,0.03622486695697439,5,0.10909450008960189,0.05454321977538746,5,0.22935168409048448,0.019221186737416962,5,0.5874491960194538,0.014015355667920233,5,0.8534660796469064,0.017122139503806862,5
Adult,logistic_regression,FairCFS_k8_lambda0.5,FairCFS-style,0.5,"FairCFS-style, lambda=0.5",0.8001333333333334,0.004279148409568333,5,0.8134301999133478,0.0029517389196001336,5,0.6732862127327891,0.0060118661018557,5,0.8986802442092963,0.006592966758675639,5,0.3039339956244045,0.0207622547233635,5,0.34441913076588443,0.0431845541418415,5,0.0988898265627676,0.06653362897618109,5,0.2121162258324772,0.013094638600919858,5,0.57520541665271,0.009345854998352984,5,0.8565622147159075,0.015687790052225235,5
Adult,logistic_regression,FairCFS_k8_lambda1.0,FairCFS-style,1.0,"FairCFS-style, lambda=1",0.7929333333333333,0.0071118055216504664,5,0.8099614398801751,0.0056735853492637135,5,0.6664128657684649,0.008093893345437527,5,0.895805055493569,0.007208837296311169,5,0.3407599584328614,0.02852557738952883,5,0.2969266872301738,0.03716997223995133,5,0.16704379826193433,0.06002307312783756,5,0.24572599684030724,0.020108692070047132,5,0.43841764916420833,0.058411071570715734,5,0.7608909404892514,0.027995913419618098,5
Adult,logistic_regression,FairCFS_k8_lambda2.0,FairCFS-style,2.0,"FairCFS-style, lambda=2",0.77,0.022558565754251504,5,0.7832948415825773,0.04356686094125872,5,0.6316889859844611,0.050548231134539705,5,0.8716654261734492,0.03712504468240342,5,0.3174154345924955,0.10734090681098685,5,0.3593108031186176,0.15216625869594103,5,0.19081636190940462,0.058828696882608784,5,0.24124154645073387,0.07713132990488711,5,0.3788305176438759,0.08450442390904846,5,0.7070344614840376,0.04794577799977671,5
Adult,logistic_regression,FairLasso_k8_lambda0.0,FairLasso-style,0.0,"FairLasso-style, lambda=0",0.7793333333333333,0.0042687494916219355,5,0.801350615070443,0.0087508172188983,5,0.6523918333714974,0.010451104425021502,5,0.8801400424890462,0.005326708273817145,5,0.32758082836747066,0.02014528763509379,5,0.33769079430902976,0.029183606025431436,5,0.10894591952837396,0.070613581125099,5,0.24504604484408646,0.016512370959701463,5,0.576445714221397,0.006429204743589139,5,0.8556399449843237,0.014223448455443159,5
Adult,logistic_regression,FairLasso_k8_lambda0.5,FairLasso-style,0.5,"FairLasso-style, lambda=0.5",0.7818666666666667,0.003508719297850915,5,0.8005242091545905,0.007314294327820016,5,0.6530274362026863,0.0073643660424541,5,0.8801682021699196,0.005177046018774242,5,0.3386446312743727,0.027612591955363096,5,0.3118048810745257,0.0422310512736203,5,0.1567231079249713,0.07466669959676189,5,0.25091114209556764,0.016762286574074536,5,0.5573351582575791,0.021123727437034077,5,0.8105032326974705,0.04060478502365481,5
Adult,logistic_regression,FairLasso_k8_lambda1.0,FairLasso-style,1.0,"FairLasso-style, lambda=1",0.7832,0.0030695638488590577,5,0.801034708102707,0.007168673254040892,5,0.6541176497730145,0.006733828922982294,5,0.8809260763522037,0.0052567986113656135,5,0.3481363192539123,0.0204431813282525,5,0.2938269038575303,0.032584162936155694,5,0.17862131891658317,0.07056579937399651,5,0.25660305129246774,0.011007235775841437,5,0.5474785209315205,0.008975293886573157,5,0.7780551249448537,0.017367666488014646,5
Adult,logistic_regression,FairLasso_k8_lambda2.0,FairLasso-style,2.0,"FairLasso-style, lambda=2",0.7817333333333334,0.005861361237422208,5,0.7998793001416441,0.00928834950722748,5,0.6524662835202004,0.00929036623394486,5,0.8809060940032787,0.005287449236467183,5,0.3498941317539123,0.018213422507202953,5,0.292664400006859,0.03133787281992228,5,0.18551856810752168,0.0737698179485956,5,0.2578699397438222,0.009449565329834113,5,0.5558949683718817,0.012282476555608398,5,0.7674403325711037,0.02950738532981297,5
Adult,logistic_regression,FairmRMR_k8_lambda0.0,fair-mRMR,0.0,"fair-mRMR, lambda=0",0.7866666666666667,0.011737877907772696,5,0.8071516715200211,0.011554829669016716,5,0.6609632790064079,0.014486756159320305,5,0.8932198201299257,0.006253241480844179,5,0.3592488160175605,0.0342421450230373,5,0.28051750111212137,0.042290199760364446,5,0.20032695162436437,0.0861415483922281,5,0.26768858900257403,0.03897494787090457,5,0.5629270813129003,0.037915209018427695,5,0.830582597137399,0.036525695427498575,5
Adult,logistic_regression,FairmRMR_k8_lambda0.5,fair-mRMR,0.5,"fair-mRMR, lambda=0.5",0.7846666666666666,0.010132456102380475,5,0.8052258398102886,0.005352957883620979,5,0.6583692310996481,0.010209150949600445,5,0.8911028076033863,0.006872882206351947,5,0.36031820786800284,0.0375936051627931,5,0.28008682698381265,0.05894736288634313,5,0.21022296588141393,0.05798222275090363,5,0.2651029341407372,0.03323446075391923,5,0.46062673822751476,0.044546943805851384,5,0.7318657095362774,0.012038694973220888,5
Adult,logistic_regression,FairmRMR_k8_lambda1.0,fair-mRMR,1.0,"fair-mRMR, lambda=1",0.7454666666666666,0.011732196914663654,5,0.7280157204613034,0.01599591894560491,5,0.572034801619851,0.023314471823370642,5,0.8159932232246672,0.012191116227913823,5,0.13138417203101754,0.032024354017399684,5,0.6669348699826608,0.06885527542344573,5,0.060589771576777564,0.031723417295505596,5,0.060589771576777564,0.031723417295505596,5,0.36681651568561224,0.03890922727078216,5,0.6016607572103474,0.038624846984797824,5
Adult,logistic_regression,FairmRMR_k8_lambda2.0,fair-mRMR,2.0,"fair-mRMR, lambda=2",0.7429333333333333,0.014457600845998663,5,0.7261488181040399,0.01647373314729333,5,0.569541101580844,0.024228933842014376,5,0.8139425304488277,0.014541095940020973,5,0.13042174268323636,0.032190744173547496,5,0.6710997211382952,0.06845094415849452,5,0.05993845246459202,0.03137801879734429,5,0.05993845246459202,0.03137801879734429,5,0.37936004086314956,0.023628103905433438,5,0.5945989889471053,0.03770054011381914,5
Adult,logistic_regression,ProxyRank_k8_lambda0.0,ProxyRank,0.0,"ProxyRank, lambda=0",0.7813333333333333,0.006463573143221764,5,0.802086177804998,0.006759362317639996,5,0.6540941139595533,0.007975514055065846,5,0.8817046487696427,0.005273255120414718,5,0.3253116663928452,0.02107064982533137,5,0.3375098590292526,0.030565401192823822,5,0.1187913378151905,0.06468432527809062,5,0.24073760744301195,0.019534805340706847,5,0.5803235973474553,0.008199479843372293,5,0.8516509848239739,0.017062349548272362,5
Adult,logistic_regression,ProxyRank_k8_lambda0.5,ProxyRank,0.5,"ProxyRank, lambda=0.5",0.7852,0.0031763011332191144,5,0.8027244060124106,0.004940862267933515,5,0.6565147339785156,0.0058652281286334955,5,0.884021730523662,0.005080740524240204,5,0.347834323455593,0.020876838638495005,5,0.2922296836350329,0.03091509692846386,5,0.18746031568033722,0.07521963753475205,5,0.2549696523289717,0.013635591280975051,5,0.5404266537754161,0.023812885765954587,5,0.7799229639462432,0.017834806275610657,5
Adult,logistic_regression,ProxyRank_k8_lambda1.0,ProxyRank,1.0,"ProxyRank, lambda=1",0.7382666666666666,0.03360423253764985,5,0.7270019524007385,0.052062889498970324,5,0.5682898266187217,0.05847956133688694,5,0.8106966138116359,0.051657134305181804,5,0.15592293209041963,0.1427132350028655,5,0.6506726146128439,0.25331907121370034,5,0.08407626539813098,0.12445472626264702,5,0.09962196844407564,0.11403439556650981,5,0.30986068740815614,0.047314035849120556,5,0.5931988303980571,0.08747645128929245,5
Adult,logistic_regression,ProxyRank_k8_lambda2.0,ProxyRank,2.0,"ProxyRank, lambda=2",0.7295999999999999,0.014625700363097512,5,0.7054910204940248,0.017607097235333113,5,0.5442713254830507,0.027015409865869183,5,0.7883486658046839,0.01693041412923071,5,0.06361067046743303,0.02927212955415666,5,0.8297452320418716,0.07053421555800003,5,0.033098533503649864,0.0279136505660848,5,0.043830087740169624,0.020004280626885702,5,0.26302378698133405,0.010254962810042798,5,0.5564849757100319,0.019408302682178368,5
Adult,logistic_regression,SubsetFACMIM_k8_lambda0.0,Subset-aware FA-CMIM,0.0,"Subset-aware FA-CMIM, lambda=0",0.7838666666666667,0.0048396510434351205,5,0.8033893160312358,0.008603374285969958,5,0.6563529463685969,0.009967459263356243,5,0.8822819466277261,0.005574129646872902,5,0.32511267065479776,0.025904643432402053,5,0.3338153405479718,0.04104944099633267,5,0.12266536295480587,0.06449843016336418,5,0.2393204629987325,0.019671353657840264,5,0.5883442850429316,0.007033753597360757,5,0.8505469191583195,0.013465602292155845,5
Adult,logistic_regression,SubsetFACMIM_k8_lambda0.5,Subset-aware FA-CMIM,0.5,"Subset-aware FA-CMIM, lambda=0.5",0.7874666666666666,0.006934615266104436,5,0.80833918149449,0.003527936925356948,5,0.66227074493422,0.0061570387823834324,5,0.8916570485252461,0.004878938913289268,5,0.35407303308880317,0.03116755945509331,5,0.2881406088021559,0.04937623151911785,5,0.20405873341071415,0.062062923991894225,5,0.25935228486349116,0.025195162034358367,5,0.324137552840844,0.012010933987052205,5,0.737068455166934,0.01895432409839183,5
Adult,logistic_regression,SubsetFACMIM_k8_lambda1.0,Subset-aware FA-CMIM,1.0,"Subset-aware FA-CMIM, lambda=1",0.7452,0.013050329923458327,5,0.7238069511544061,0.013826739087303976,5,0.567655237785777,0.021706126138481784,5,0.8147422431472569,0.008599520970682565,5,0.11328820207446995,0.026471701688345898,5,0.7035556032532981,0.06148983072023766,5,0.04969543130973362,0.04245411893537169,5,0.05360005823620519,0.042556653933058505,5,0.2506549922713933,0.014235153266239656,5,0.6077592177116264,0.019742945564642667,5
Adult,logistic_regression,SubsetFACMIM_k8_lambda2.0,Subset-aware FA-CMIM,2.0,"Subset-aware FA-CMIM, lambda=2",0.7397333333333334,0.020448308813526224,5,0.7196390303084905,0.021343300953049458,5,0.5620694363920488,0.031043896658004624,5,0.8055791286398823,0.02642931952022132,5,0.10734574557410656,0.02104168780339493,5,0.7213444570931491,0.042447500491658526,5,0.028570165916952293,0.01676077636997565,5,0.037503467292203066,0.02010491521222918,5,0.2525064043139702,0.016934015000056212,5,0.5914562216686642,0.03238615550634377,5
Adult,logistic_regression,mRMR_k8,mRMR,,mRMR,0.7866666666666667,0.011737877907772696,5,0.8071516715200211,0.011554829669016716,5,0.6609632790064079,0.014486756159320305,5,0.8932198201299257,0.006253241480844179,5,0.3592488160175605,0.0342421450230373,5,0.28051750111212137,0.042290199760364446,5,0.20032695162436437,0.0861415483922281,5,0.26768858900257403,0.03897494787090457,5,0.5629270813129003,0.037915209018427695,5,0.830582597137399,0.036525695427498575,5
Adult,random_forest,BasicFACMIM_k8_lambda0.0,Basic FA-CMIM,0.0,"Basic FA-CMIM, lambda=0",0.7464000000000001,0.002521022720158551,5,0.7829592140705777,0.006600954696016527,5,0.6230807103038267,0.00861333323457544,5,0.8762233652293843,0.004584286764432085,5,0.4392425134849642,0.01107193098089209,5,0.22666435465292686,0.022804090563077316,5,0.26907278165893517,0.07258829664764124,5,0.371246400819697,0.010818297448626895,5,0.5883442850429316,0.007033753597360757,5,0.8505469191583195,0.013465602292155845,5
Adult,random_forest,BasicFACMIM_k8_lambda0.5,Basic FA-CMIM,0.5,"Basic FA-CMIM, lambda=0.5",0.76,0.00788810637746611,5,0.7999671385815242,0.006175650275395294,5,0.6423324430639589,0.010994658115116964,5,0.8931381678072358,0.002717177516668467,5,0.4217958937576773,0.027370775025362098,5,0.24754552935869226,0.04570421858412117,5,0.2425882620523943,0.06768554106346857,5,0.33767464171976636,0.017602558672448972,5,0.4896517078869934,0.03201532298349022,5,0.734137808702074,0.013626006446988437,5
Adult,random_forest,BasicFACMIM_k8_lambda1.0,Basic FA-CMIM,1.0,"Basic FA-CMIM, lambda=1",0.7804,0.013446189051177336,5,0.7342154089173746,0.019054173917255966,5,0.5896660006617965,0.02986025803916761,5,0.8282676203873812,0.012323435495043306,5,0.08739681803576482,0.016675416670470188,5,0.7252298267165505,0.05262947777657812,5,0.05123862015388647,0.03444227906823869,5,0.0528618432422735,0.031570759933719834,5,0.26302378698133405,0.010254962810042801,5,0.5563447146969207,0.01995987256498904,5
Adult,random_forest,BasicFACMIM_k8_lambda2.0,Basic FA-CMIM,2.0,"Basic FA-CMIM, lambda=2",0.7805333333333333,0.01316898713729432,5,0.7352117403618819,0.018931824434771396,5,0.5908097510170027,0.029529914158176573,5,0.8291148470486165,0.012188764540628358,5,0.08977011110299171,0.019372965935181344,5,0.7193530720255655,0.06186413103091186,5,0.046598462764050885,0.040474659949560204,5,0.05247874873670992,0.03439772075482191,5,0.26302378698133405,0.010254962810042791,5,0.555224011296087,0.019931858481602668,5
Adult,random_forest,CMIM_k8,CMIM,,CMIM,0.7464000000000001,0.002521022720158551,5,0.7829592140705777,0.006600954696016527,5,0.6230807103038267,0.00861333323457544,5,0.8762233652293843,0.004584286764432085,5,0.4392425134849642,0.01107193098089209,5,0.22666435465292686,0.022804090563077316,5,0.26907278165893517,0.07258829664764124,5,0.371246400819697,0.010818297448626895,5,0.5883442850429316,0.007033753597360757,5,0.8505469191583195,0.013465602292155845,5
Adult,random_forest,FairCFS_k8_lambda0.0,FairCFS-style,0.0,"FairCFS-style, lambda=0",0.758,0.014243907079480988,5,0.7951171239398948,0.014166101566805875,5,0.6376982252430279,0.022033970113917722,5,0.8884524768645996,0.014578737845214842,5,0.42276336870044356,0.020781872079449714,5,0.24239725510579463,0.02472171184616606,5,0.23076938817865722,0.053807535100131525,5,0.34268567210983736,0.022072330899986285,5,0.5874491960194538,0.014015355667920233,5,0.8534660796469064,0.017122139503806862,5
Adult,random_forest,FairCFS_k8_lambda0.5,FairCFS-style,0.5,"FairCFS-style, lambda=0.5",0.7617333333333334,0.00615719994081001,5,0.8018080192691824,0.006293447350810032,5,0.6444570425174156,0.011035349618306371,5,0.8971237739956065,0.006512318365010325,5,0.4307619812751122,0.019913648670594405,5,0.23456119257793998,0.02684768368359464,5,0.23040161927020933,0.04953604239444051,5,0.3491120799249275,0.01768351339494638,5,0.57520541665271,0.009345854998352984,5,0.8565622147159075,0.015687790052225235,5
Adult,random_forest,FairCFS_k8_lambda1.0,FairCFS-style,1.0,"FairCFS-style, lambda=1",0.7792,0.018387193611013316,5,0.8125530334722619,0.014140047316796535,5,0.6613839169641295,0.02375784472930261,5,0.9000053728973499,0.010013848743417026,5,0.3906787966324285,0.03003775675900386,5,0.2649921754273124,0.03459691512785914,5,0.2224108279279517,0.07429078375459137,5,0.3002850321829757,0.025725180577328113,5,0.43841764916420833,0.058411071570715734,5,0.7608909404892514,0.027995913419618098,5
Adult,random_forest,FairCFS_k8_lambda2.0,FairCFS-style,2.0,"FairCFS-style, lambda=2",0.7754666666666667,0.015630454603469207,5,0.7965397217276141,0.042021032916368765,5,0.6447852572058492,0.04603463971385616,5,0.8844150049720259,0.030276085835901457,5,0.33602017927060857,0.10372277395922523,5,0.34040966177550225,0.13599734111590822,5,0.1510044735482146,0.06965922115830166,5,0.25061285764757707,0.10241486899853326,5,0.3788305176438759,0.08450442390904846,5,0.7070344614840376,0.04794577799977671,5
Adult,random_forest,FairLasso_k8_lambda0.0,FairLasso-style,0.0,"FairLasso-style, lambda=0",0.7576,0.01084845099029759,5,0.7902931204903736,0.011154103857904808,5,0.6336239511070161,0.013287074532213849,5,0.8785466420713031,0.0024840960073258178,5,0.408796429957304,0.02124664912576816,5,0.2524061149398524,0.036639454604569285,5,0.21283742067174974,0.05270353167506133,5,0.32989986578243435,0.014468541508777319,5,0.576445714221397,0.006429204743589139,5,0.8556399449843237,0.014223448455443159,5
Adult,random_forest,FairLasso_k8_lambda0.5,FairLasso-style,0.5,"FairLasso-style, lambda=0.5",0.7668,0.005362420680584085,5,0.7952790172408759,0.00894187117076672,5,0.6415676300526872,0.01165669465315837,5,0.8812465312099926,0.00576837849322571,5,0.3911177389779204,0.02934652172616414,5,0.26318297271487573,0.044483715485334946,5,0.2065751421878094,0.05477348336967009,5,0.30729574074338734,0.02827633901562521,5,0.5573351582575791,0.021123727437034077,5,0.8105032326974705,0.04060478502365481,5
Adult,random_forest,FairLasso_k8_lambda1.0,FairLasso-style,1.0,"FairLasso-style, lambda=1",0.7732,0.012287301484775968,5,0.7984248475536825,0.009538519669784584,5,0.6472460108035983,0.011866221359682658,5,0.8834411183735913,0.004543648651103854,5,0.3725974708724417,0.023133152755857336,5,0.2785011719651645,0.029918250054072074,5,0.19647472344943515,0.06710713786390066,5,0.2845738493323763,0.01730146018149888,5,0.5474785209315205,0.008975293886573157,5,0.7780551249448537,0.017367666488014646,5
Adult,random_forest,FairLasso_k8_lambda2.0,FairLasso-style,2.0,"FairLasso-style, lambda=2",0.7710666666666667,0.011600766258216624,5,0.7991867457250585,0.008944702101783279,5,0.6468541400007916,0.01169640197727499,5,0.8843793533540838,0.004097118924892822,5,0.3718412777702008,0.024040513645068887,5,0.28728097580053463,0.030952784350136674,5,0.1816506611649638,0.049111344683675194,5,0.2863174334181934,0.017679424469067118,5,0.5558949683718817,0.012282476555608398,5,0.7674403325711037,0.02950738532981297,5
Adult,random_forest,FairmRMR_k8_lambda0.0,fair-mRMR,0.0,"fair-mRMR, lambda=0",0.796,0.010055402085998907,5,0.8188388910315492,0.007863559257027558,5,0.6750425032524143,0.011577790312026623,5,0.9030098538049819,0.007197608089442475,5,0.3804536219886888,0.042258182469733944,5,0.24636097812692542,0.05372680581748942,5,0.223666182708466,0.049507040295727826,5,0.2865576929588765,0.03441157506362234,5,0.5629270813129003,0.037915209018427695,5,0.830582597137399,0.036525695427498575,5
Adult,random_forest,FairmRMR_k8_lambda0.5,fair-mRMR,0.5,"fair-mRMR, lambda=0.5",0.7668,0.009959919678390973,5,0.8063351585293663,0.011361315859928339,5,0.6503490115019416,0.013894101031593277,5,0.8975506075004803,0.0067033203177560155,5,0.4163112217870502,0.01373051979824487,5,0.24922875505182432,0.03450299931915094,5,0.2139562120244051,0.06101408479658177,5,0.3320607896936577,0.008842516105086158,5,0.46062673822751476,0.044546943805851384,5,0.7318657095362774,0.012038694973220888,5
Adult,random_forest,FairmRMR_k8_lambda1.0,fair-mRMR,1.0,"fair-mRMR, lambda=1",0.7693333333333333,0.015362291495737252,5,0.7510992412609047,0.01819827387394569,5,0.6032796253344922,0.026353474601288035,5,0.8452450157419138,0.010671900964909248,5,0.1461300471983224,0.04264794538498623,5,0.6234272238203006,0.08347089999553904,5,0.06631715910551064,0.04998411958844023,5,0.0737011491794752,0.04339649523327608,5,0.36681651568561224,0.03890922727078216,5,0.6016607572103474,0.038624846984797824,5
Adult,random_forest,FairmRMR_k8_lambda2.0,fair-mRMR,2.0,"fair-mRMR, lambda=2",0.7702666666666667,0.016489727441989798,5,0.7568448529319449,0.015584949329192186,5,0.6093776624005326,0.023667089852633234,5,0.8459608975731671,0.010688299135781992,5,0.14493442543488377,0.03803662488986408,5,0.6323482866352449,0.06722118028527177,5,0.06982810605390162,0.044528634711328764,5,0.07230032251194207,0.04305112493140252,5,0.37936004086314956,0.023628103905433438,5,0.5945989889471053,0.03770054011381914,5
Adult,random_forest,ProxyRank_k8_lambda0.0,ProxyRank,0.0,"ProxyRank, lambda=0",0.7636000000000001,0.014028542333400156,5,0.7950108966395657,0.011546434442343061,5,0.6401371010332314,0.014527240260758472,5,0.8807456487349166,0.002276628551525401,5,0.3997089854381416,0.016296996455306183,5,0.258259636780088,0.024641239515784546,5,0.209772370781248,0.0531888267398021,5,0.3168826940392521,0.01192753419320616,5,0.5803235973474553,0.008199479843372293,5,0.8516509848239739,0.017062349548272362,5
Adult,random_forest,ProxyRank_k8_lambda0.5,ProxyRank,0.5,"ProxyRank, lambda=0.5",0.7727999999999999,0.0044070650349435705,5,0.8019193290512823,0.004488592357587311,5,0.649687426261647,0.008278604170981209,5,0.8872628174904374,0.007899803227920766,5,0.3722759230326157,0.022912038702861084,5,0.28733801982809315,0.038655481927333375,5,0.17690179945456136,0.04730208758321654,5,0.28687292533639513,0.01494906588396545,5,0.5404266537754161,0.023812885765954587,5,0.7799229639462432,0.017834806275610657,5
Adult,random_forest,ProxyRank_k8_lambda1.0,ProxyRank,1.0,"ProxyRank, lambda=1",0.7782666666666667,0.010073066398404539,5,0.7556165107228343,0.04183015533102603,5,0.6083355227753489,0.03854470189265382,5,0.847092176289269,0.030668837887107524,5,0.17056049682842303,0.15104313217708415,5,0.59557544861563,0.22394743218443852,5,0.0513262904760192,0.08297152231091866,5,0.0888567171380312,0.13811158971852008,5,0.30986068740815614,0.047314035849120556,5,0.5931988303980571,0.08747645128929245,5
Adult,random_forest,ProxyRank_k8_lambda2.0,ProxyRank,2.0,"ProxyRank, lambda=2",0.7826666666666667,0.013711309200802055,5,0.7307150193253514,0.016955435377805778,5,0.5866482184834032,0.028291640125315515,5,0.8275950598677688,0.007657625267508903,5,0.09203904116535463,0.020353384120444604,5,0.7045388681235248,0.055549146052460224,5,0.040223890026212114,0.02699656832918203,5,0.04429362956173803,0.022407827751387832,5,0.26302378698133405,0.010254962810042798,5,0.5564849757100319,0.019408302682178368,5
Adult,random_forest,SubsetFACMIM_k8_lambda0.0,Subset-aware FA-CMIM,0.0,"Subset-aware FA-CMIM, lambda=0",0.7464000000000001,0.002521022720158551,5,0.7829592140705777,0.006600954696016527,5,0.6230807103038267,0.00861333323457544,5,0.8762233652293843,0.004584286764432085,5,0.4392425134849642,0.01107193098089209,5,0.22666435465292686,0.022804090563077316,5,0.26907278165893517,0.07258829664764124,5,0.371246400819697,0.010818297448626895,5,0.5883442850429316,0.007033753597360757,5,0.8505469191583195,0.013465602292155845,5
Adult,random_forest,SubsetFACMIM_k8_lambda0.5,Subset-aware FA-CMIM,0.5,"Subset-aware FA-CMIM, lambda=0.5",0.7801333333333333,0.011386151432527334,5,0.8155575285649009,0.009285116775605543,5,0.6639230290914997,0.013960858681326167,5,0.8989091603684857,0.005240079385749099,5,0.3827230532123378,0.037935701240667814,5,0.2798400687939461,0.0581986002854958,5,0.18682615943268402,0.054886080216066516,5,0.2922714626377277,0.02655234585412501,5,0.324137552840844,0.012010933987052205,5,0.737068455166934,0.01895432409839183,5
Adult,random_forest,SubsetFACMIM_k8_lambda1.0,Subset-aware FA-CMIM,1.0,"Subset-aware FA-CMIM, lambda=1",0.7758666666666667,0.012947758278730872,5,0.7473184278931009,0.024880552446025928,5,0.6014471903250505,0.03363803943343141,5,0.8466890113454155,0.011591843925268212,5,0.12581084902668346,0.025030636479415187,5,0.6496938043491047,0.06075228324903402,5,0.024845616968114048,0.022333997968023496,5,0.04487770640745239,0.01907661041250862,5,0.2506549922713933,0.014235153266239656,5,0.6077592177116264,0.019742945564642667,5
Adult,random_forest,SubsetFACMIM_k8_lambda2.0,Subset-aware FA-CMIM,2.0,"Subset-aware FA-CMIM, lambda=2",0.7786666666666667,0.008781293248212967,5,0.7467149653873963,0.025662183744259316,5,0.6015950349614582,0.033442330166983114,5,0.8435156141864957,0.0176278415704061,5,0.11473577131058996,0.01742616763865611,5,0.6710304503118377,0.03951852100377964,5,0.024235213571086444,0.02120588089876418,5,0.0415108258227744,0.013856363406263575,5,0.2525064043139702,0.016934015000056212,5,0.5914562216686642,0.03238615550634377,5
Adult,random_forest,mRMR_k8,mRMR,,mRMR,0.796,0.010055402085998907,5,0.8188388910315492,0.007863559257027558,5,0.6750425032524143,0.011577790312026623,5,0.9030098538049819,0.007197608089442475,5,0.3804536219886888,0.042258182469733944,5,0.24636097812692542,0.05372680581748942,5,0.223666182708466,0.049507040295727826,5,0.2865576929588765,0.03441157506362234,5,0.5629270813129003,0.037915209018427695,5,0.830582597137399,0.036525695427498575,5
German Credit,gradient_boosting,BasicFACMIM_k8_lambda0.0,Basic FA-CMIM,0.0,"Basic FA-CMIM, lambda=0",0.7553333333333333,0.028635642126552726,5,0.6690476190476191,0.03328605869128695,5,0.5264690313409599,0.054395204922250015,5,0.7674814814814814,0.020312588977308126,5,0.05035698643699179,0.04950298754574427,5,0.8260926092648238,0.14559134008068914,5,0.07502850542056698,0.04153162604938768,5,0.08632293801637937,0.03577953740085054,5,0.4190508492850963,0.047505778421601697,5,0.6554319348042732,0.021895419216257286,5
German Credit,gradient_boosting,BasicFACMIM_k8_lambda0.5,Basic FA-CMIM,0.5,"Basic FA-CMIM, lambda=0.5",0.754,0.017857460314638494,5,0.6719047619047619,0.018068415096146945,5,0.5324059463419323,0.028404513197551173,5,0.7608359788359789,0.020669872718428142,5,0.05820732572867597,0.03910790181349745,5,0.802372844202823,0.09532583310036404,5,0.07899827564497057,0.015079141789071698,5,0.07899827564497057,0.015079141789071698,5,0.4177778209485067,0.05349518344375357,5,0.6467598562890389,0.0327952655492888,5
German Credit,gradient_boosting,BasicFACMIM_k8_lambda1.0,Basic FA-CMIM,1.0,"Basic FA-CMIM, lambda=1",0.754,0.019916492328386243,5,0.6706349206349207,0.021915398843625485,5,0.529674782250717,0.03575401293216559,5,0.7593015873015874,0.025431431724319484,5,0.05395711630556158,0.04810303363637474,5,0.8222118324938359,0.13430066132849894,5,0.06338269429010505,0.01754342085242841,5,0.07186942291559742,0.015083726270579356,5,0.4152317642753275,0.054269614483128566,5,0.6275320535890501,0.01596197194035836,5
German Credit,gradient_boosting,BasicFACMIM_k8_lambda2.0,Basic FA-CMIM,2.0,"Basic FA-CMIM, lambda=2",0.742,0.03051411331025547,5,0.6557142857142857,0.04207247583009793,5,0.5042746989991741,0.06889602518853907,5,0.7439312169312169,0.0321632341184427,5,0.07406365309179958,0.02310992995099579,5,0.7436032921798703,0.06284492441834098,5,0.0701282037259527,0.07107771967630393,5,0.07340288603289306,0.06754665968544796,5,0.39200455820988006,0.06636205923547207,5,0.6086304079904021,0.029940452006276257,5
German Credit,gradient_boosting,CMIM_k8,CMIM,,CMIM,0.7553333333333333,0.028635642126552726,5,0.6690476190476191,0.03328605869128695,5,0.5264690313409599,0.054395204922250015,5,0.7674814814814814,0.020312588977308126,5,0.05035698643699179,0.04950298754574427,5,0.8260926092648238,0.14559134008068914,5,0.07502850542056698,0.04153162604938768,5,0.08632293801637937,0.03577953740085054,5,0.4190508492850963,0.047505778421601697,5,0.6554319348042732,0.021895419216257286,5
German Credit,gradient_boosting,FairCFS_k8_lambda0.0,FairCFS-style,0.0,"FairCFS-style, lambda=0",0.7393333333333334,0.016227548592850794,5,0.6538095238095238,0.020752109237205135,5,0.5026941470614715,0.03363564541591369,5,0.7461005291005292,0.018724381077622084,5,0.055789982788840155,0.03733476502734374,5,0.8048866161440277,0.10050489964648718,5,0.04009176204125644,0.024534467720696895,5,0.07298830051131658,0.034862387300480774,5,0.4126276232458981,0.05546116608056083,5,0.6776823612961939,0.042765578215048415,5
German Credit,gradient_boosting,FairCFS_k8_lambda0.5,FairCFS-style,0.5,"FairCFS-style, lambda=0.5",0.7313333333333334,0.01757523510195208,5,0.6455555555555555,0.022445028168696413,5,0.4898312687296095,0.03660763209191449,5,0.7415608465608466,0.012968387807762476,5,0.06608948859937683,0.030792341398602655,5,0.7729786253492008,0.08601107564226385,5,0.031193599474096466,0.022644263968145756,5,0.07697248042277058,0.03749136911814538,5,0.40704823486561265,0.04696523215615213,5,0.6423511805640001,0.03286350220823679,5
German Credit,gradient_boosting,FairCFS_k8_lambda1.0,FairCFS-style,1.0,"FairCFS-style, lambda=1",0.7326666666666666,0.017061978522759622,5,0.6458730158730159,0.022840050928792394,5,0.48968831158341297,0.03765441087268639,5,0.7400952380952381,0.014961722013604744,5,0.054262839843070274,0.03366553122537611,5,0.806648367579508,0.10753018403382357,5,0.04263598464734384,0.01726648106188403,5,0.0633820659773238,0.03587992239476366,5,0.40195612151925414,0.0484602720310138,5,0.6507161791856527,0.027787873217660606,5
German Credit,gradient_boosting,FairCFS_k8_lambda2.0,FairCFS-style,2.0,"FairCFS-style, lambda=2",0.7353333333333334,0.015383974345619125,5,0.6528571428571428,0.023694164983611415,5,0.5014615398798062,0.039797070144639374,5,0.7423650793650794,0.016302764898416876,5,0.05347917324236153,0.0207951351873569,5,0.8043924521170525,0.07925240641562625,5,0.07988324943925267,0.040383260050007704,5,0.0842894389943784,0.0415832452677559,5,0.38356449199637827,0.04826759705548486,5,0.6296177656306975,0.031280006315166316,5
German Credit,gradient_boosting,FairLasso_k8_lambda0.0,FairLasso-style,0.0,"FairLasso-style, lambda=0",0.752,0.023990738953928788,5,0.6660317460317461,0.02534965858200537,5,0.5220706460912419,0.04012279657879799,5,0.7693597883597885,0.00938169989591052,5,0.06543532436635434,0.0591558762048109,5,0.7867986880002492,0.17923806624130498,5,0.12087955362115119,0.06983602839373161,5,0.13274604499059012,0.057945570739960206,5,0.4208992417665895,0.05519184450060625,5,0.6611781691684633,0.02906210865433774,5
German Credit,gradient_boosting,FairLasso_k8_lambda0.5,FairLasso-style,0.5,"FairLasso-style, lambda=0.5",0.752,0.023990738953928788,5,0.6660317460317461,0.02534965858200537,5,0.5220706460912419,0.04012279657879799,5,0.7693597883597885,0.00938169989591052,5,0.06543532436635434,0.0591558762048109,5,0.7867986880002492,0.17923806624130498,5,0.12087955362115119,0.06983602839373161,5,0.13274604499059012,0.057945570739960206,5,0.4208992417665895,0.05519184450060625,5,0.6611781691684633,0.02906210865433774,5
German Credit,gradient_boosting,FairLasso_k8_lambda1.0,FairLasso-style,1.0,"FairLasso-style, lambda=1",0.752,0.023990738953928788,5,0.6660317460317461,0.02534965858200537,5,0.5220706460912419,0.04012279657879799,5,0.7693597883597885,0.00938169989591052,5,0.06543532436635434,0.0591558762048109,5,0.7867986880002492,0.17923806624130498,5,0.12087955362115119,0.06983602839373161,5,0.13274604499059012,0.057945570739960206,5,0.4208992417665895,0.05519184450060625,5,0.6611781691684633,0.02906210865433774,5
German Credit,gradient_boosting,FairLasso_k8_lambda2.0,FairLasso-style,2.0,"FairLasso-style, lambda=2",0.7526666666666667,0.024198255217175377,5,0.665873015873016,0.024326400196816055,5,0.521633992842746,0.03823101174757587,5,0.7706560846560847,0.011747929323818764,5,0.061550831508477455,0.06097961399931155,5,0.797897124840131,0.18165125113955338,5,0.11821288695448454,0.07076283627061741,5,0.13113200990287083,0.05922281291077841,5,0.41847548514019267,0.05870807458255786,5,0.6563174148780513,0.03537993240902621,5
German Credit,gradient_boosting,FairmRMR_k8_lambda0.0,fair-mRMR,0.0,"fair-mRMR, lambda=0",0.7213333333333333,0.025560386016907757,5,0.632063492063492,0.028203093129675137,5,0.4681139960781291,0.044554228557603846,5,0.729989417989418,0.01862317930194056,5,0.07139543021897203,0.05517794364867642,5,0.7687847398600491,0.14441563568594473,5,0.05388097089155027,0.04282195558644122,5,0.10437342644466056,0.03751820364643277,5,0.3716961143338992,0.05646926077784709,5,0.7125484286022885,0.0158929122320359,5
German Credit,gradient_boosting,FairmRMR_k8_lambda0.5,fair-mRMR,0.5,"fair-mRMR, lambda=0.5",0.734,0.02046677524401164,5,0.65,0.030824930930061004,5,0.4956825981598749,0.051120452519780674,5,0.7350529100529102,0.021467320768510885,5,0.029639651277028868,0.027226286113012206,5,0.8951157715821024,0.06433215220047958,5,0.06471631535352262,0.045331707082448096,5,0.08113936080769983,0.028623097684723466,5,0.352654969701344,0.06865264476221247,5,0.6373587461930893,0.02407580998112619,5
German Credit,gradient_boosting,FairmRMR_k8_lambda1.0,fair-mRMR,1.0,"fair-mRMR, lambda=1",0.7413333333333333,0.03193743884534263,5,0.6584126984126983,0.04220401803527708,5,0.5091480972871525,0.06787381840072648,5,0.7388518518518519,0.019382939114442912,5,0.05217405961384343,0.04263253815614375,5,0.820925152363916,0.11648702957920552,5,0.03320341616741505,0.035327389616193854,5,0.07000804265198733,0.03468060820108655,5,0.3663655322282581,0.04252140710650355,5,0.6246669752613124,0.025857040360189914,5
German Credit,gradient_boosting,FairmRMR_k8_lambda2.0,fair-mRMR,2.0,"fair-mRMR, lambda=2",0.7266666666666667,0.022236106773543863,5,0.6422222222222222,0.018334879341122347,5,0.48563445535803484,0.03052971546596538,5,0.7304126984126984,0.016196673780087947,5,0.05813492716025363,0.05463125110859772,5,0.8079679105252854,0.12687898047875606,5,0.06724121559602832,0.051867963003105075,5,0.10758585471324697,0.05379484385384453,5,0.3737471654440087,0.043996242658570196,5,0.6102243753480747,0.02342657906851771,5
German Credit,gradient_boosting,ProxyRank_k8_lambda0.0,ProxyRank,0.0,"ProxyRank, lambda=0",0.7433333333333334,0.026977356760397767,5,0.6566666666666666,0.03361839560499081,5,0.5066433667343454,0.055431428951228524,5,0.7591058201058201,0.017812529023028757,5,0.0714342419010255,0.0621252931408708,5,0.7742300080086074,0.16454985990985144,5,0.08699689719619018,0.042406526351158276,5,0.11186456891512117,0.03193985368353494,5,0.41662709265869957,0.05044573883841915,5,0.6782748146465319,0.034143164248601816,5
German Credit,gradient_boosting,ProxyRank_k8_lambda0.5,ProxyRank,0.5,"ProxyRank, lambda=0.5",0.7493333333333333,0.019635568633364228,5,0.6692063492063492,0.013106056137640808,5,0.529284412639315,0.01927436949079105,5,0.7564867724867724,0.020496068240106403,5,0.07505466641490126,0.06844008472677646,5,0.7754000569781054,0.17000134020218136,5,0.108659578964354,0.05397303566262008,5,0.10961212148100016,0.05301378388160416,5,0.4146564001304238,0.047999855418894975,5,0.6326204953653864,0.025146443725219094,5
German Credit,gradient_boosting,ProxyRank_k8_lambda1.0,ProxyRank,1.0,"ProxyRank, lambda=1",0.7446666666666666,0.02387467277262663,5,0.6595238095238095,0.025078611602103163,5,0.5122511917706628,0.03987735104564127,5,0.7519047619047619,0.02267144832208617,5,0.0712455160219512,0.058818884420557487,5,0.7722581753318083,0.14633482891251245,5,0.10157565348880886,0.06016093322990066,5,0.10222426728635883,0.05952490907332631,5,0.39148727842122655,0.06334180233670397,5,0.6294908285089231,0.027139619129839306,5
German Credit,gradient_boosting,ProxyRank_k8_lambda2.0,ProxyRank,2.0,"ProxyRank, lambda=2",0.7373333333333333,0.03243797500187428,5,0.6568253968253968,0.041470057680830376,5,0.5084397414212409,0.06509194102185788,5,0.7380952380952381,0.029593414895909234,5,0.0485110750462048,0.02565290482202876,5,0.8252362145247037,0.08985476964902228,5,0.04230167514722115,0.028024259728255514,5,0.05491636995932934,0.020305589511455644,5,0.36676051197012904,0.04723691345508222,5,0.6133156213487666,0.03039648899658062,5
German Credit,gradient_boosting,SubsetFACMIM_k8_lambda0.0,Subset-aware FA-CMIM,0.0,"Subset-aware FA-CMIM, lambda=0",0.7553333333333333,0.028635642126552726,5,0.6690476190476191,0.03328605869128695,5,0.5264690313409599,0.054395204922250015,5,0.7674814814814814,0.020312588977308126,5,0.05035698643699179,0.04950298754574427,5,0.8260926092648238,0.14559134008068914,5,0.07502850542056698,0.04153162604938768,5,0.08632293801637937,0.03577953740085054,5,0.4190508492850963,0.047505778421601697,5,0.6554319348042732,0.021895419216257286,5
German Credit,gradient_boosting,SubsetFACMIM_k8_lambda0.5,Subset-aware FA-CMIM,0.5,"Subset-aware FA-CMIM, lambda=0.5",0.7186666666666667,0.023874672772626625,5,0.6288888888888888,0.02301997774016016,5,0.462279309140747,0.03828409569407544,5,0.7212804232804233,0.030074307486183255,5,0.0617289225245989,0.06104979215141324,5,0.8049562546844451,0.136798267381334,5,0.03484398154071415,0.020323575932487563,5,0.09355698498622225,0.08178478359558723,5,0.23276025241696688,0.024431482950626474,5,0.6492130459758652,0.02041411107408045,5
German Credit,gradient_boosting,SubsetFACMIM_k8_lambda1.0,Subset-aware FA-CMIM,1.0,"Subset-aware FA-CMIM, lambda=1",0.7193333333333334,0.021525179054617257,5,0.6306349206349207,0.02884896072033596,5,0.4652067383574912,0.048544821692662735,5,0.7277989417989417,0.030207791014903028,5,0.04481242014460628,0.027459812801989565,5,0.8326263834045031,0.09349893819496295,5,0.08086862527922027,0.06711325669102453,5,0.0969349418489167,0.05182539223379171,5,0.22885295611072717,0.03515187873978843,5,0.6548527404848559,0.03598644954469542,5
German Credit,gradient_boosting,SubsetFACMIM_k8_lambda2.0,Subset-aware FA-CMIM,2.0,"Subset-aware FA-CMIM, lambda=2",0.708,0.018944362984510448,5,0.6136507936507936,0.024522396836077025,5,0.43492479651211696,0.044839682083632586,5,0.7165449735449736,0.018031896237916737,5,0.1025337630639429,0.03583716286100574,5,0.6697956947917804,0.03642423920235612,5,0.04582967132942439,0.006806180919186642,5,0.12135518791831368,0.06917719828141128,5,0.2234692925429028,0.01615327927718798,5,0.6638162769761621,0.02600529686886017,5
German Credit,gradient_boosting,mRMR_k8,mRMR,,mRMR,0.7213333333333333,0.025560386016907757,5,0.632063492063492,0.028203093129675137,5,0.4681139960781291,0.044554228557603846,5,0.729989417989418,0.01862317930194056,5,0.07139543021897203,0.05517794364867642,5,0.7687847398600491,0.14441563568594473,5,0.05388097089155027,0.04282195558644122,5,0.10437342644466056,0.03751820364643277,5,0.3716961143338992,0.05646926077784709,5,0.7125484286022885,0.0158929122320359,5
German Credit,logistic_regression,BasicFACMIM_k8_lambda0.0,Basic FA-CMIM,0.0,"Basic FA-CMIM, lambda=0",0.6933333333333334,0.018856180831641263,5,0.6895238095238095,0.013308745280161604,5,0.5707677810541194,0.015607710539748255,5,0.7492804232804233,0.019330230012471205,5,0.18437266713109196,0.07324077624384817,5,0.6875398308383399,0.10751926220332948,5,0.09412191012266394,0.027124205293273376,5,0.2114765336910159,0.07467722168932583,5,0.4190508492850963,0.047505778421601697,5,0.6554319348042732,0.021895419216257286,5
German Credit,logistic_regression,BasicFACMIM_k8_lambda0.5,Basic FA-CMIM,0.5,"Basic FA-CMIM, lambda=0.5",0.6926666666666665,0.01278019300845385,5,0.6884126984126985,0.01415949531707128,5,0.5692345163874667,0.017256526338271478,5,0.744899470899471,0.020890648462689756,5,0.16167522090702974,0.07840749960662004,5,0.7183035619711848,0.11373852773334299,5,0.07852297964138051,0.04377182461371289,5,0.1985721256690267,0.06973800405321624,5,0.4177778209485067,0.05349518344375357,5,0.6467598562890389,0.0327952655492888,5
German Credit,logistic_regression,BasicFACMIM_k8_lambda1.0,Basic FA-CMIM,1.0,"Basic FA-CMIM, lambda=1",0.7006666666666665,0.018767584347012364,5,0.6966666666666667,0.02084296829356294,5,0.5789957168755105,0.025329462891774613,5,0.7452751322751323,0.0265085279111123,5,0.1465449103059949,0.09080695917001083,5,0.7441485431416192,0.14907065222747806,5,0.1015042920393964,0.08217085647376787,5,0.21053481487664163,0.04318983684333159,5,0.4152317642753275,0.054269614483128566,5,0.6275320535890501,0.01596197194035836,5
German Credit,logistic_regression,BasicFACMIM_k8_lambda2.0,Basic FA-CMIM,2.0,"Basic FA-CMIM, lambda=2",0.682,0.019663841605003504,5,0.6884126984126985,0.01608587436210563,5,0.5706024523451795,0.01842337813373516,5,0.7383809523809524,0.017961018666545366,5,0.14758038301502321,0.09224738787121776,5,0.7549689815787752,0.13663175152280285,5,0.06926035679205596,0.05527639159333612,5,0.19343187554213107,0.0654473726934344,5,0.39200455820988006,0.06636205923547207,5,0.6086304079904021,0.029940452006276257,5
German Credit,logistic_regression,CMIM_k8,CMIM,,CMIM,0.6933333333333334,0.018856180831641263,5,0.6895238095238095,0.013308745280161604,5,0.5707677810541194,0.015607710539748255,5,0.7492804232804233,0.019330230012471205,5,0.18437266713109196,0.07324077624384817,5,0.6875398308383399,0.10751926220332948,5,0.09412191012266394,0.027124205293273376,5,0.2114765336910159,0.07467722168932583,5,0.4190508492850963,0.047505778421601697,5,0.6554319348042732,0.021895419216257286,5
German Credit,logistic_regression,FairCFS_k8_lambda0.0,FairCFS-style,0.0,"FairCFS-style, lambda=0",0.6933333333333334,0.012472191289246454,5,0.681904761904762,0.011368891796488834,5,0.5609356171927306,0.01421065167228272,5,0.7444814814814815,0.02299999147986108,5,0.16618675046519518,0.07406524192978056,5,0.7021105104396356,0.11393781712507278,5,0.08258351244727995,0.032985315441565105,5,0.20593046451217076,0.06896268343038653,5,0.4126276232458981,0.05546116608056083,5,0.6776823612961939,0.042765578215048415,5
German Credit,logistic_regression,FairCFS_k8_lambda0.5,FairCFS-style,0.5,"FairCFS-style, lambda=0.5",0.6866666666666668,0.011303883305208753,5,0.6796825396825398,0.008632206622970574,5,0.5590029429870902,0.010511218392102471,5,0.7405978835978837,0.01739112271200325,5,0.1582049398607778,0.06871669960419222,5,0.7196097838439128,0.10978036762518152,5,0.0717707270591521,0.05496423217778197,5,0.1886819595130115,0.05457190915267847,5,0.40704823486561265,0.04696523215615213,5,0.6423511805640001,0.03286350220823679,5
German Credit,logistic_regression,FairCFS_k8_lambda1.0,FairCFS-style,1.0,"FairCFS-style, lambda=1",0.6933333333333334,0.008498365855987938,5,0.6882539682539683,0.009645388001536049,5,0.5690658422313317,0.012134733560408529,5,0.7398042328042328,0.019448678587334112,5,0.14924623237545434,0.06833555318921707,5,0.7322359297019978,0.11012255355809548,5,0.07742660086571085,0.056598715776957416,5,0.17078722267090624,0.04284887170438271,5,0.40195612151925414,0.0484602720310138,5,0.6507161791856527,0.027787873217660606,5
German Credit,logistic_regression,FairCFS_k8_lambda2.0,FairCFS-style,2.0,"FairCFS-style, lambda=2",0.6973333333333332,0.02542964149701419,5,0.6968253968253968,0.014307743156603093,5,0.5799615142194288,0.016508326258967847,5,0.7471375661375661,0.019463766809508818,5,0.13755983506475652,0.050046315967324354,5,0.7483419757302714,0.0799302675788545,5,0.03963839181275688,0.04226493629181376,5,0.16966951714516237,0.05223572909380996,5,0.38356449199637827,0.04826759705548486,5,0.6296177656306975,0.031280006315166316,5
German Credit,logistic_regression,FairLasso_k8_lambda0.0,FairLasso-style,0.0,"FairLasso-style, lambda=0",0.692,0.025668831077571227,5,0.6860317460317461,0.019941019103404307,5,0.5669823876834335,0.023367038960643873,5,0.7494074074074074,0.02776440595257308,5,0.19438837610971188,0.07529794422125052,5,0.6728109874340886,0.10149375596073333,5,0.0954099830748995,0.04891418583920605,5,0.23016510090051656,0.06290294124545857,5,0.4208992417665895,0.05519184450060625,5,0.6611781691684633,0.02906210865433774,5
German Credit,logistic_regression,FairLasso_k8_lambda0.5,FairLasso-style,0.5,"FairLasso-style, lambda=0.5",0.692,0.025668831077571227,5,0.6860317460317461,0.019941019103404307,5,0.5669823876834335,0.023367038960643873,5,0.7494074074074074,0.02776440595257308,5,0.19438837610971188,0.07529794422125052,5,0.6728109874340886,0.10149375596073333,5,0.0954099830748995,0.04891418583920605,5,0.23016510090051656,0.06290294124545857,5,0.4208992417665895,0.05519184450060625,5,0.6611781691684633,0.02906210865433774,5
German Credit,logistic_regression,FairLasso_k8_lambda1.0,FairLasso-style,1.0,"FairLasso-style, lambda=1",0.692,0.025668831077571227,5,0.6860317460317461,0.019941019103404307,5,0.5669823876834335,0.023367038960643873,5,0.7494074074074074,0.02776440595257308,5,0.19438837610971188,0.07529794422125052,5,0.6728109874340886,0.10149375596073333,5,0.0954099830748995,0.04891418583920605,5,0.23016510090051656,0.06290294124545857,5,0.4208992417665895,0.05519184450060625,5,0.6611781691684633,0.02906210865433774,5
German Credit,logistic_regression,FairLasso_k8_lambda2.0,FairLasso-style,2.0,"FairLasso-style, lambda=2",0.6953333333333334,0.028925190866555487,5,0.6890476190476191,0.020993526219029824,5,0.570694015127585,0.02430088500576945,5,0.750031746031746,0.027550610541428187,5,0.1966697449310047,0.0764903565840774,5,0.6687914328441918,0.1049601857071699,5,0.10874331640823283,0.03787462249806973,5,0.2242656811713096,0.060024250132974126,5,0.41847548514019267,0.05870807458255786,5,0.6563174148780513,0.03537993240902621,5
German Credit,logistic_regression,FairmRMR_k8_lambda0.0,fair-mRMR,0.0,"fair-mRMR, lambda=0",0.6846666666666666,0.023640830968662856,5,0.6858730158730159,0.019386859986497373,5,0.5672599027044416,0.02227756473191234,5,0.7427460317460317,0.01293994825549771,5,0.1883012864819237,0.06812855080187517,5,0.6872186424101656,0.06934413677470304,5,0.04619134568220891,0.01955701019704659,5,0.23472672387536714,0.12536526204202644,5,0.3716961143338992,0.05646926077784709,5,0.7125484286022885,0.0158929122320359,5
German Credit,logistic_regression,FairmRMR_k8_lambda0.5,fair-mRMR,0.5,"fair-mRMR, lambda=0.5",0.6946666666666667,0.025011108643072117,5,0.6942857142857143,0.023472482186701914,5,0.5767769198443116,0.027119234027260873,5,0.749904761904762,0.022987618733665546,5,0.14114876130628257,0.06417538686754186,5,0.7467383321638328,0.0928298962438015,5,0.048262302148996,0.042202628087666914,5,0.17090872430876863,0.05565936335300271,5,0.352654969701344,0.06865264476221247,5,0.6373587461930893,0.02407580998112619,5
German Credit,logistic_regression,FairmRMR_k8_lambda1.0,fair-mRMR,1.0,"fair-mRMR, lambda=1",0.6940000000000001,0.019635568633364207,5,0.7007936507936507,0.02175674628868695,5,0.5842722423184792,0.024432166378722416,5,0.7554444444444444,0.015007981042596765,5,0.14758674607651812,0.05240377475397465,5,0.7410468403006545,0.07935667765741079,5,0.03814712245722616,0.018657606575210105,5,0.15117915329072737,0.05523469048212602,5,0.3663655322282581,0.04252140710650355,5,0.6246669752613124,0.025857040360189914,5
German Credit,logistic_regression,FairmRMR_k8_lambda2.0,fair-mRMR,2.0,"fair-mRMR, lambda=2",0.6900000000000001,0.017480147469502567,5,0.703015873015873,0.011949650819120857,5,0.5871412101321216,0.013740839398482765,5,0.7517671957671958,0.0173048776865701,5,0.1512797916406183,0.05230876669961884,5,0.7428777952016974,0.07470568182101499,5,0.02871863126000005,0.02083019491080063,5,0.16162609567386899,0.06344751428307759,5,0.3737471654440087,0.043996242658570196,5,0.6102243753480747,0.02342657906851771,5
German Credit,logistic_regression,ProxyRank_k8_lambda0.0,ProxyRank,0.0,"ProxyRank, lambda=0",0.6873333333333334,0.01534781924429515,5,0.6801587301587302,0.013421852797847394,5,0.5594334230303495,0.016681659224661513,5,0.7449365079365079,0.022384717058634825,5,0.18980493047316094,0.07752138127599516,5,0.6791129372151106,0.11363955137611106,5,0.08345524345599727,0.015694323104381333,5,0.2380621825408261,0.085500890431754,5,0.41662709265869957,0.05044573883841915,5,0.6782748146465319,0.034143164248601816,5
German Credit,logistic_regression,ProxyRank_k8_lambda0.5,ProxyRank,0.5,"ProxyRank, lambda=0.5",0.6946666666666667,0.016431676725155005,5,0.6892063492063493,0.016766518725238315,5,0.5702595605704056,0.02021417943349077,5,0.7434761904761905,0.026092808646892333,5,0.1565280704531695,0.08721559925590995,5,0.7271006310386954,0.13524613165006721,5,0.10356243422126814,0.0687198462789852,5,0.21138959317795852,0.04272902650165408,5,0.4146564001304238,0.047999855418894975,5,0.6326204953653864,0.025146443725219094,5
German Credit,logistic_regression,ProxyRank_k8_lambda1.0,ProxyRank,1.0,"ProxyRank, lambda=1",0.702,0.019804601036683918,5,0.696984126984127,0.01332057212447555,5,0.5797896029012963,0.01564294274910658,5,0.738915343915344,0.020093894402446105,5,0.16020050952146475,0.05574617673526384,5,0.7119356210734038,0.0730258571747414,5,0.06225264299268094,0.06970619379075689,5,0.18286215913143336,0.047584208876090946,5,0.39148727842122655,0.06334180233670397,5,0.6294908285089231,0.027139619129839306,5
German Credit,logistic_regression,ProxyRank_k8_lambda2.0,ProxyRank,2.0,"ProxyRank, lambda=2",0.6966666666666667,0.022484562605386702,5,0.7065079365079365,0.011520245196293131,5,0.5913143857307184,0.012967750365289604,5,0.7472962962962962,0.01768041492020229,5,0.1562468480017453,0.073938828654281,5,0.7350935038251739,0.0984785946435022,5,0.03531929543600669,0.02344252045318949,5,0.17585764962461084,0.08797286832054577,5,0.36676051197012904,0.04723691345508222,5,0.6133156213487666,0.03039648899658062,5
German Credit,logistic_regression,SubsetFACMIM_k8_lambda0.0,Subset-aware FA-CMIM,0.0,"Subset-aware FA-CMIM, lambda=0",0.6933333333333334,0.018856180831641263,5,0.6895238095238095,0.013308745280161604,5,0.5707677810541194,0.015607710539748255,5,0.7492804232804233,0.019330230012471205,5,0.18437266713109196,0.07324077624384817,5,0.6875398308383399,0.10751926220332948,5,0.09412191012266394,0.027124205293273376,5,0.2114765336910159,0.07467722168932583,5,0.4190508492850963,0.047505778421601697,5,0.6554319348042732,0.021895419216257286,5
German Credit,logistic_regression,SubsetFACMIM_k8_lambda0.5,Subset-aware FA-CMIM,0.5,"Subset-aware FA-CMIM, lambda=0.5",0.6933333333333334,0.016832508230603498,5,0.7003174603174603,0.010832679205787909,5,0.5840377586851814,0.012452507306485856,5,0.7498201058201058,0.02076598587787578,5,0.14922606075447994,0.046160919860576105,5,0.7390708348634505,0.06141965317469719,5,0.047416807915469206,0.04055541045831189,5,0.1484784068672048,0.04289744135185161,5,0.23276025241696688,0.024431482950626474,5,0.6492130459758652,0.02041411107408045,5
German Credit,logistic_regression,SubsetFACMIM_k8_lambda1.0,Subset-aware FA-CMIM,1.0,"Subset-aware FA-CMIM, lambda=1",0.694,0.012780193008453898,5,0.7001587301587302,0.01548534527762767,5,0.5830798124021481,0.019083616751373073,5,0.7516455026455027,0.024145907134164746,5,0.16675474147965147,0.03171551813697309,5,0.7103403198486263,0.050913379919741195,5,0.03691706723262957,0.0218629354235688,5,0.17137350847951194,0.035366787012003964,5,0.22885295611072717,0.03515187873978843,5,0.6548527404848559,0.03598644954469542,5
German Credit,logistic_regression,SubsetFACMIM_k8_lambda2.0,Subset-aware FA-CMIM,2.0,"Subset-aware FA-CMIM, lambda=2",0.6693333333333333,0.004346134936801763,5,0.6799999999999999,0.017127050325717562,5,0.5609499587073214,0.02213120129026129,5,0.7337989417989419,0.01291247320967962,5,0.17016949793324945,0.03192002190661333,5,0.715885934045102,0.05450106134160606,5,0.07116448674838108,0.05737362085042636,5,0.14178945649822733,0.05374421796528681,5,0.2234692925429028,0.01615327927718798,5,0.6638162769761621,0.02600529686886017,5
German Credit,logistic_regression,mRMR_k8,mRMR,,mRMR,0.6846666666666666,0.023640830968662856,5,0.6858730158730159,0.019386859986497373,5,0.5672599027044416,0.02227756473191234,5,0.7427460317460317,0.01293994825549771,5,0.1883012864819237,0.06812855080187517,5,0.6872186424101656,0.06934413677470304,5,0.04619134568220891,0.01955701019704659,5,0.23472672387536714,0.12536526204202644,5,0.3716961143338992,0.05646926077784709,5,0.7125484286022885,0.0158929122320359,5
German Credit,random_forest,BasicFACMIM_k8_lambda0.0,Basic FA-CMIM,0.0,"Basic FA-CMIM, lambda=0",0.746,0.015527752931802814,5,0.6534920634920635,0.023507341664231674,5,0.4979950829085739,0.04059574428807075,5,0.7530264550264552,0.02869603803718171,5,0.07492510500852752,0.04183345461675132,5,0.7353688150926481,0.1407323711031212,5,0.06163832823532338,0.0631344168137713,5,0.08788351110998552,0.05593113846358714,5,0.4190508492850963,0.047505778421601697,5,0.6554319348042732,0.021895419216257286,5
German Credit,random_forest,BasicFACMIM_k8_lambda0.5,Basic FA-CMIM,0.5,"Basic FA-CMIM, lambda=0.5",0.7273333333333334,0.014023789311975064,5,0.6350793650793651,0.016374998918142297,5,0.4705450873982457,0.027781317321621722,5,0.7451269841269841,0.02621688716967564,5,0.08777231089749024,0.04246722211117266,5,0.7053078902025145,0.12249243505004415,5,0.08572318396687402,0.06098401272119187,5,0.09366363312319123,0.057897426036214186,5,0.4177778209485067,0.05349518344375357,5,0.6467598562890389,0.0327952655492888,5
German Credit,random_forest,BasicFACMIM_k8_lambda1.0,Basic FA-CMIM,1.0,"Basic FA-CMIM, lambda=1",0.7413333333333333,0.01864880097426584,5,0.6495238095238095,0.017981051587027955,5,0.4934015290160244,0.028222948549459795,5,0.7474232804232804,0.029317138758932423,5,0.11416534904297784,0.027833034364739252,5,0.633526112974554,0.05320564992644468,5,0.06508620379819466,0.05175596277421032,5,0.12000601141074643,0.05545986229379599,5,0.4152317642753275,0.054269614483128566,5,0.6275320535890501,0.01596197194035836,5
German Credit,random_forest,BasicFACMIM_k8_lambda2.0,Basic FA-CMIM,2.0,"Basic FA-CMIM, lambda=2",0.7213333333333333,0.036101708177499504,5,0.6377777777777778,0.026433456815252738,5,0.4810440350804333,0.03697792643741684,5,0.7287407407407407,0.03587596462884933,5,0.10176788050662162,0.06016969111663133,5,0.7067455530421326,0.10836426566125679,5,0.06055517424098954,0.04738986667753664,5,0.08424250115082035,0.057311157634947936,5,0.39200455820988006,0.06636205923547207,5,0.6086304079904021,0.029940452006276257,5
German Credit,random_forest,CMIM_k8,CMIM,,CMIM,0.746,0.015527752931802814,5,0.6534920634920635,0.023507341664231674,5,0.4979950829085739,0.04059574428807075,5,0.7530264550264552,0.02869603803718171,5,0.07492510500852752,0.04183345461675132,5,0.7353688150926481,0.1407323711031212,5,0.06163832823532338,0.0631344168137713,5,0.08788351110998552,0.05593113846358714,5,0.4190508492850963,0.047505778421601697,5,0.6554319348042732,0.021895419216257286,5
German Credit,random_forest,FairCFS_k8_lambda0.0,FairCFS-style,0.0,"FairCFS-style, lambda=0",0.718,0.011925695879998895,5,0.6271428571428571,0.017909095501674053,5,0.4592080177433921,0.03169136298640595,5,0.7291005291005291,0.025743473103592655,5,0.07433646663402325,0.02522962096978231,5,0.742390773556912,0.06919173310992915,5,0.05112372416125892,0.04950740428328478,5,0.09097266350022523,0.06490964943265708,5,0.4126276232458981,0.05546116608056083,5,0.6776823612961939,0.042765578215048415,5
German Credit,random_forest,FairCFS_k8_lambda0.5,FairCFS-style,0.5,"FairCFS-style, lambda=0.5",0.7226666666666667,0.020602049520483317,5,0.634920634920635,0.027042420694287,5,0.47220853288839837,0.04509167274993375,5,0.7284656084656085,0.025011720048923405,5,0.09175698441489408,0.04886205532540116,5,0.7056595446421081,0.14981335894644413,5,0.02836173241642297,0.01818463754375704,5,0.10529540531521242,0.05302960970655604,5,0.40704823486561265,0.04696523215615213,5,0.6423511805640001,0.03286350220823679,5
German Credit,random_forest,FairCFS_k8_lambda1.0,FairCFS-style,1.0,"FairCFS-style, lambda=1",0.7140000000000001,0.015881505666095443,5,0.631904761904762,0.02678145174784868,5,0.4705086098948916,0.04660204733896566,5,0.7293068783068782,0.023809828040384326,5,0.10707016961000351,0.04954092876763309,5,0.6881105876846128,0.13594433314115126,5,0.036992772877439274,0.01970841467259164,5,0.13939423076689655,0.06356823421838576,5,0.40195612151925414,0.0484602720310138,5,0.6507161791856527,0.027787873217660606,5
German Credit,random_forest,FairCFS_k8_lambda2.0,FairCFS-style,2.0,"FairCFS-style, lambda=2",0.7226666666666667,0.005962847939999443,5,0.6425396825396825,0.01417061214010515,5,0.4880603602918687,0.026348369097129117,5,0.7235079365079365,0.021505761098390412,5,0.09290602556080055,0.06698200226380227,5,0.7297075864865679,0.14844976444673427,5,0.07000975277830573,0.05495585071046201,5,0.1444092523624473,0.07500728371607567,5,0.38356449199637827,0.04826759705548486,5,0.6296177656306975,0.031280006315166316,5
German Credit,random_forest,FairLasso_k8_lambda0.0,FairLasso-style,0.0,"FairLasso-style, lambda=0",0.7353333333333334,0.019379255804998167,5,0.6465079365079365,0.031062076680572256,5,0.4886899203505899,0.05329603829344188,5,0.7485238095238096,0.018156007754016237,5,0.08086237317857155,0.050244696246421444,5,0.7371110022693129,0.14723096336166341,5,0.06815257278744061,0.046007647097428925,5,0.13076372150286922,0.05482585923852533,5,0.4208992417665895,0.05519184450060625,5,0.6611781691684633,0.02906210865433774,5
German Credit,random_forest,FairLasso_k8_lambda0.5,FairLasso-style,0.5,"FairLasso-style, lambda=0.5",0.7353333333333334,0.019379255804998167,5,0.6465079365079365,0.031062076680572256,5,0.4886899203505899,0.05329603829344188,5,0.7485238095238096,0.018156007754016237,5,0.08086237317857155,0.050244696246421444,5,0.7371110022693129,0.14723096336166341,5,0.06815257278744061,0.046007647097428925,5,0.13076372150286922,0.05482585923852533,5,0.4208992417665895,0.05519184450060625,5,0.6611781691684633,0.02906210865433774,5
German Credit,random_forest,FairLasso_k8_lambda1.0,FairLasso-style,1.0,"FairLasso-style, lambda=1",0.7353333333333334,0.019379255804998167,5,0.6465079365079365,0.031062076680572256,5,0.4886899203505899,0.05329603829344188,5,0.7485238095238096,0.018156007754016237,5,0.08086237317857155,0.050244696246421444,5,0.7371110022693129,0.14723096336166341,5,0.06815257278744061,0.046007647097428925,5,0.13076372150286922,0.05482585923852533,5,0.4208992417665895,0.05519184450060625,5,0.6611781691684633,0.02906210865433774,5
German Credit,random_forest,FairLasso_k8_lambda2.0,FairLasso-style,2.0,"FairLasso-style, lambda=2",0.742,0.02844097201026875,5,0.6538095238095238,0.040617555813490684,5,0.5000456381679387,0.06828651069695751,5,0.753994708994709,0.020541497579604807,5,0.08854914740526973,0.05070448582676049,5,0.7174184641357101,0.14621250943333866,5,0.0521525727874406,0.0488822377720768,5,0.12608287043903943,0.042150252317032545,5,0.41847548514019267,0.05870807458255786,5,0.6563174148780513,0.03537993240902621,5
German Credit,random_forest,FairmRMR_k8_lambda0.0,fair-mRMR,0.0,"fair-mRMR, lambda=0",0.6966666666666667,0.020548046676563278,5,0.6290476190476191,0.02073844604518039,5,0.4763175774893119,0.030118128933218462,5,0.696063492063492,0.015291410349626673,5,0.10743531691203309,0.0695171786429951,5,0.7261724677412292,0.15730558509622147,5,0.08441564371701357,0.05440803476559411,5,0.14432513821281956,0.0478612210834576,5,0.3716961143338992,0.05646926077784709,5,0.7125484286022885,0.0158929122320359,5
German Credit,random_forest,FairmRMR_k8_lambda0.5,fair-mRMR,0.5,"fair-mRMR, lambda=0.5",0.704,0.023967570682996736,5,0.64,0.014402083357592825,5,0.4930555268166493,0.020184397876223927,5,0.7108201058201058,0.017713186152999924,5,0.1006489675145549,0.07627006152185296,5,0.757754974290853,0.154043287247394,5,0.03523640284057224,0.03254187889391553,5,0.12561384994484884,0.07009094507569094,5,0.352654969701344,0.06865264476221247,5,0.6373587461930893,0.02407580998112619,5
German Credit,random_forest,FairmRMR_k8_lambda1.0,fair-mRMR,1.0,"fair-mRMR, lambda=1",0.7013333333333334,0.012605113600792712,5,0.6279365079365079,0.03206879572668799,5,0.46868465188630937,0.05629910492296846,5,0.7083915343915343,0.030375562992848392,5,0.09775955931180899,0.07400604981750272,5,0.7524669458447293,0.16839322441264246,5,0.051016274810249486,0.06250623549924163,5,0.1460873682030375,0.09395221369770353,5,0.3663655322282581,0.04252140710650355,5,0.6246669752613124,0.025857040360189914,5
German Credit,random_forest,FairmRMR_k8_lambda2.0,fair-mRMR,2.0,"fair-mRMR, lambda=2",0.6973333333333332,0.012560962454277864,5,0.6212698412698413,0.028062037597876257,5,0.45860773765319196,0.050738306608006975,5,0.7028518518518518,0.02169445569520725,5,0.09654557562629913,0.08720925969488445,5,0.7577413208662513,0.17876618243980316,5,0.10672037463199638,0.08757012321727743,5,0.13524734659476462,0.08381437001574482,5,0.3737471654440087,0.043996242658570196,5,0.6102243753480747,0.02342657906851771,5
German Credit,random_forest,ProxyRank_k8_lambda0.0,ProxyRank,0.0,"ProxyRank, lambda=0",0.734,0.018012341448141705,5,0.6373015873015873,0.026914007869544752,5,0.4702361374841778,0.04815954016620185,5,0.7431481481481481,0.027498603408907606,5,0.09128583430893261,0.052411287754547654,5,0.6943813938764597,0.12231179559201345,5,0.026227837441166968,0.02312905613618048,5,0.08454765012812947,0.06926048004990737,5,0.41662709265869957,0.05044573883841915,5,0.6782748146465319,0.034143164248601816,5
German Credit,random_forest,ProxyRank_k8_lambda0.5,ProxyRank,0.5,"ProxyRank, lambda=0.5",0.7306666666666667,0.01516575088810306,5,0.6368253968253968,0.021447669326207196,5,0.47172244868887503,0.037559487526961394,5,0.7385978835978836,0.027458463252076154,5,0.07773123817381042,0.058551649784755286,5,0.7385441297043897,0.15887558453516173,5,0.07611448675400742,0.08470872204833768,5,0.11953867259719168,0.04809390478516123,5,0.4146564001304238,0.047999855418894975,5,0.6326204953653864,0.025146443725219094,5
German Credit,random_forest,ProxyRank_k8_lambda1.0,ProxyRank,1.0,"ProxyRank, lambda=1",0.7326666666666666,0.011642832797715311,5,0.6465079365079365,0.020355247598894424,5,0.49085431959345005,0.03651545257181199,5,0.7358835978835978,0.025929256885684628,5,0.101892747380449,0.054275886919240034,5,0.6948674808819348,0.12502525233078834,5,0.06708645957077244,0.05838199284472961,5,0.14148898176121566,0.05028242263702695,5,0.39148727842122655,0.06334180233670397,5,0.6294908285089231,0.027139619129839306,5
German Credit,random_forest,ProxyRank_k8_lambda2.0,ProxyRank,2.0,"ProxyRank, lambda=2",0.7086666666666667,0.027446918466985177,5,0.6414285714285715,0.028017109554976757,5,0.4936828174553348,0.03978883937097053,5,0.7168306878306878,0.026271155995809873,5,0.11438670487659933,0.03610479873913971,5,0.6977830468131566,0.051079817277213495,5,0.05241887907695919,0.021955890337762934,5,0.09426545473769371,0.04364299943548795,5,0.36676051197012904,0.04723691345508222,5,0.6133156213487666,0.03039648899658062,5
German Credit,random_forest,SubsetFACMIM_k8_lambda0.0,Subset-aware FA-CMIM,0.0,"Subset-aware FA-CMIM, lambda=0",0.746,0.015527752931802814,5,0.6534920634920635,0.023507341664231674,5,0.4979950829085739,0.04059574428807075,5,0.7530264550264552,0.02869603803718171,5,0.07492510500852752,0.04183345461675132,5,0.7353688150926481,0.1407323711031212,5,0.06163832823532338,0.0631344168137713,5,0.08788351110998552,0.05593113846358714,5,0.4190508492850963,0.047505778421601697,5,0.6554319348042732,0.021895419216257286,5
German Credit,random_forest,SubsetFACMIM_k8_lambda0.5,Subset-aware FA-CMIM,0.5,"Subset-aware FA-CMIM, lambda=0.5",0.6753333333333333,0.02049390153191922,5,0.6207936507936508,0.01424597647776342,5,0.4717479616343148,0.0223169181004213,5,0.6877354497354498,0.027019271128024335,5,0.1473676240193719,0.055610732905494155,5,0.6744493562051455,0.08281695554509289,5,0.09289192252645247,0.045014206600480174,5,0.1449951885936962,0.07627455073076862,5,0.23276025241696688,0.024431482950626474,5,0.6492130459758652,0.02041411107408045,5
German Credit,random_forest,SubsetFACMIM_k8_lambda1.0,Subset-aware FA-CMIM,1.0,"Subset-aware FA-CMIM, lambda=1",0.6679999999999999,0.023045848023258146,5,0.6168253968253968,0.010887778183900017,5,0.46875379178079013,0.014660343004431226,5,0.6885026455026455,0.02365468908416797,5,0.12079850543385154,0.07127042969062672,5,0.731658653600076,0.12020619815095858,5,0.10874626426314711,0.03488219580105934,5,0.1351485046432682,0.046388159645675824,5,0.22885295611072717,0.03515187873978843,5,0.6548527404848559,0.03598644954469542,5
German Credit,random_forest,SubsetFACMIM_k8_lambda2.0,Subset-aware FA-CMIM,2.0,"Subset-aware FA-CMIM, lambda=2",0.6773333333333333,0.014794894014114752,5,0.6317460317460317,0.004794859513331152,5,0.4903513421767974,0.007595819405640448,5,0.6918201058201059,0.01807738374713026,5,0.17826166544693903,0.06664454384885843,5,0.6406743884034125,0.09540202211075201,5,0.14239153189094705,0.13600308209111225,5,0.1764274068770753,0.12235129129498708,5,0.2234692925429028,0.01615327927718798,5,0.6638162769761621,0.02600529686886017,5
German Credit,random_forest,mRMR_k8,mRMR,,mRMR,0.6966666666666667,0.020548046676563278,5,0.6290476190476191,0.02073844604518039,5,0.4763175774893119,0.030118128933218462,5,0.696063492063492,0.015291410349626673,5,0.10743531691203309,0.0695171786429951,5,0.7261724677412292,0.15730558509622147,5,0.08441564371701357,0.05440803476559411,5,0.14432513821281956,0.0478612210834576,5,0.3716961143338992,0.05646926077784709,5,0.7125484286022885,0.0158929122320359,5
